price,brand,rating,ac_type,capacity,Dehumidification,Turbo Mode,Air Swing,Self Diagnosis,Memory Feature,LED Panel Display,Night Glow Buttons,Wi-Fi Connectivity,APP Control,Auto Clean,Hidden Panel Display,Voice Control,PM 2.5 Filter,inverter,star_rating
24990,Whirlpool,4.65,Split,1.5,0,1,1,1,0,0,1,0,0,0,0,0,0,1,5
22990,Carrier,4.55,Split,1.5,1,1,0,0,0,0,0,0,0,1,1,0,0,1,3
67990,O General,4.1,Split,1.5,1,1,1,1,0,1,0,0,0,0,0,0,0,1,5
37990,Haier,4.55,Split,1.5,1,1,1,0,0,0,0,0,0,1,1,0,0,1,5
22990,Voltas,4.55,Split,1.5,1,1,1,1,1,0,1,0,0,0,0,0,0,1,3
29990,Panasonic,4.3,Split,1.5,1,0,1,0,0,0,1,0,0,0,0,0,0,1,5
19990,MarQ,4.75,Split,0.75,1,1,1,1,1,0,1,0,0,0,0,0,0,1,3
37490,Daikin,4.0,Split,1.5,1,0,1,1,0,0,0,0,0,0,0,0,1,1,3
52990,Daikin,4.15,Split,1.5,1,0,1,1,0,0,0,0,0,0,0,0,1,1,5
33989,Voltas,4.0,Split,1.5,1,1,1,1,1,0,0,0,0,0,0,0,0,1,3
23990,Haier,4.6,Split,1.0,1,1,1,1,0,0,0,0,0,0,1,0,0,1,3
39138,Daikin,4.0,Split,1.5,1,0,1,1,0,1,0,0,0,0,0,0,0,1,5
25490,Lloyd,4.35,Split,1.5,1,1,1,0,0,0,0,0,0,0,0,0,0,1,3
47989,Panasonic,4.7,Split,1.5,1,0,1,0,0,0,0,1,1,0,1,1,0,1,5
37489,Blue Star,4.6,Split,1.5,1,1,1,1,0,0,0,1,1,0,0,1,0,1,3
41490,LG,4.75,Window,1.5,1,0,1,1,1,1,0,0,0,0,0,0,0,1,5
36999,Voltas,4.75,Split,1.5,1,1,1,1,0,1,0,0,0,0,0,0,0,1,5
37990,Daikin,4.3,Split,1.5,1,0,1,1,0,0,0,0,0,0,0,0,1,1,3
37990,Panasonic,4.75,Split,1.5,1,0,1,1,0,0,0,0,0,0,0,0,0,1,3
36490,Samsung,4.35,Split,1.5,1,1,1,0,0,1,0,1,1,0,0,1,0,1,5
48489,LG,4.25,Split,1.5,1,1,1,1,0,0,1,0,0,0,0,0,0,1,5
35849,Blue Star,4.5,Split,1.5,1,1,1,1,0,1,0,0,0,0,0,0,1,1,3
47490,Blue Star,4.05,Split,1.5,1,1,1,1,0,0,0,1,1,0,0,1,0,1,5
46790,Voltas,4.55,Split,1.5,1,1,1,0,0,0,0,1,1,0,0,0,0,1,5
48990,Haier,4.1,Split,1.6,1,1,1,0,0,1,0,1,1,0,0,1,0,1,5
40990,Daikin,4.55,Split,1.5,1,0,1,1,0,0,0,0,0,0,0,0,1,1,4
37990,Daikin,4.05,Split,1.5,1,0,1,1,0,0,0,0,0,0,0,0,1,1,3
44891,Hitachi,4.2,Split,1.5,1,0,1,1,0,0,0,0,0,0,0,0,0,1,5
25990,Samsung,4.6,Split,1.0,1,1,1,1,0,1,0,0,0,0,0,0,0,1,3
40490,Blue Star,4.7,Split,1.5,1,1,1,0,0,1,0,1,1,0,0,0,0,1,4
37990,Blue Star,4.4,Split,1.5,1,1,1,1,0,1,0,0,0,0,0,0,0,1,3
37490,LG,4.5,Split,1.5,1,0,1,0,0,0,0,1,1,0,0,1,0,1,3
35490,Daikin,4.45,Split,1.2,1,0,1,1,0,0,0,0,0,1,0,0,1,1,5
44800,Voltas,4.15,Split,1.5,1,1,0,0,1,0,0,0,0,0,1,0,0,1,5
47190,Blue Star,4.2,Split,1.5,1,1,1,0,0,1,0,1,1,0,0,1,0,1,5
50990,Daikin,4.2,Split,1.5,1,0,1,1,0,1,0,0,0,0,0,0,1,1,5
33489,Lloyd,4.25,Split,1.5,1,1,1,1,0,0,0,0,0,1,0,0,0,1,3
32990,Onida,4.6,Split,1.5,1,1,1,0,0,0,0,0,0,0,0,0,0,1,5
39990,Blue Star,4.5,Split,1.5,1,1,1,1,0,0,0,0,0,0,1,0,0,1,3
47890,Panasonic,4.15,Split,1.5,1,0,1,0,0,0,0,1,1,0,1,1,0,1,5
21990,MarQ,4.15,Split,1.0,1,1,1,1,1,0,1,0,0,0,0,0,0,1,3
28990,Hitachi,4.35,Split,1.5,0,1,1,0,0,0,1,0,0,0,1,0,0,1,5
37190,Blue Star,4.1,Split,1.5,1,1,1,1,0,1,0,0,0,0,0,0,1,1,3
27490,MarQ,4.35,Split,1.0,1,1,1,1,0,1,0,0,0,0,0,0,0,1,5
41990,Panasonic,4.35,Split,1.5,1,0,1,1,0,0,0,0,0,0,1,0,0,1,3
40990,LG,4.3,Split,1.5,1,1,1,1,0,0,1,0,0,0,0,0,0,1,3
31790,Godrej,4.1,Split,1.5,1,0,1,1,0,0,0,0,0,1,0,0,0,1,3
36490,Carrier,4.25,Split,1.5,1,0,0,1,1,0,0,0,0,0,0,0,1,1,3
29990,Blue Star,4.35,Window,1.0,1,1,0,1,1,1,0,0,0,0,0,0,0,0,3
37990,Panasonic,4.55,Split,1.5,1,0,0,0,0,0,0,1,1,0,1,1,0,1,3
28990,MarQ,4.7,Split,1.5,1,1,1,1,1,1,0,0,0,0,0,0,0,1,5
24990,MarQ,4.25,Split,1.5,1,1,1,1,1,1,0,0,0,0,0,0,0,1,3
31990,Voltas,4.55,Split,1.5,1,0,0,1,0,0,0,0,0,0,0,0,0,1,3
23890,Voltas,4.3,Split,0.75,0,1,1,1,0,0,1,0,0,0,0,0,0,0,2
34419,LG,4.05,Split,1.5,1,0,1,1,1,0,0,0,0,0,0,0,0,1,5
58989,Carrier,4.05,Split,2.0,1,0,0,0,0,0,0,1,1,0,0,1,1,1,5
34490,Godrej,4.05,Window,1.5,0,1,1,1,1,1,0,0,0,0,0,0,0,1,5
32999,Carrier,4.4,Window,1.5,1,1,0,0,1,1,0,0,0,0,0,0,0,1,3
38490,Lloyd,4.7,Split,1.5,1,1,1,0,0,0,0,0,0,1,0,0,0,1,4
35999,Carrier,4.5,Window,1.5,1,1,0,0,1,1,0,0,0,0,0,0,0,1,5
41850,Lloyd,4.55,Split,1.5,1,0,1,0,0,0,0,0,0,1,0,0,0,1,5
32499,Lloyd,4.5,Split,1.0,1,0,1,0,0,0,0,0,0,1,0,0,0,1,3
25490,Daikin,4.4,Split,1.0,1,0,1,1,0,0,0,0,0,1,0,0,1,0,2
64900,Daikin,4.7,Split,2.0,1,0,1,1,0,0,0,0,0,0,0,0,1,1,3
30990,Voltas,4.15,Window,1.5,0,1,1,0,1,0,1,0,0,0,0,0,0,0,2
38990,Godrej,4.45,Split,1.5,1,0,1,1,0,0,0,0,0,1,0,0,0,1,5
31650,Godrej,4.7,Split,1.5,1,0,0,1,0,0,0,0,0,1,0,0,0,1,3
22990,MarQ,4.6,Split,1.0,1,1,1,1,0,1,0,0,0,0,0,0,0,1,3
29990,MarQ,4.7,Split,1.5,1,1,1,1,0,1,0,0,0,0,0,0,0,1,5
32490,Hisense,4.3,Split,1.5,1,0,1,0,0,0,0,0,0,1,0,0,1,1,5
44950,Hitachi,4.65,Split,1.5,1,0,1,0,0,0,0,1,1,0,0,1,0,1,3
31490,Hitachi,4.0,Split,1.5,1,0,1,0,0,0,0,0,0,0,0,0,0,1,3
42850,Haier,4.1,Split,1.6,1,1,1,0,0,0,0,1,1,0,0,0,0,1,5
50990,Godrej,4.25,Split,2.5,1,1,1,1,1,1,0,0,0,0,0,0,0,1,3
32999,Voltas,4.65,Split,1.5,1,1,1,1,0,0,1,0,0,0,0,0,0,1,3
50490,Haier,4.45,Split,1.6,1,1,1,1,0,0,0,1,1,0,0,1,0,1,5
48490,Blue Star,4.05,Split,2.0,1,1,1,1,0,1,0,0,0,0,0,0,0,1,3
58500,Hitachi,4.15,Split,2.0,1,0,1,0,0,0,0,1,1,0,0,1,0,1,3
50990,Haier,4.6,Split,1.6,1,1,1,1,0,0,0,1,1,0,0,1,0,1,5
42990,Lloyd,4.25,Split,1.5,1,1,1,0,0,0,0,1,1,0,0,1,0,1,5
35998,Hitachi,4.15,Split,1.5,1,0,1,1,0,0,0,0,0,0,0,0,0,1,3
37690,Voltas,4.3,Split,1.5,1,1,1,0,0,0,0,1,1,0,0,0,0,1,3
42990,LG,4.65,Split,1.0,1,1,1,1,0,0,1,0,0,0,0,0,0,1,5
38650,Samsung,4.0,Split,1.5,1,1,1,0,0,0,0,1,1,0,0,1,0,1,4
32990,Voltas,4.65,Window,1.5,1,0,1,1,0,0,1,0,0,0,0,0,0,1,5
34490,Daikin,4.55,Split,1.5,1,0,1,1,1,0,0,0,0,0,0,0,1,1,3
33490,Godrej,4.7,Split,1.5,1,0,1,1,1,0,1,0,0,0,0,0,0,1,5
30490,Panasonic,4.5,Split,1.5,1,1,1,0,0,0,0,1,1,0,0,1,0,1,3
31499,Carrier,4.35,Window,1.5,1,1,1,0,1,1,0,0,0,0,0,0,0,0,3
33990,MarQ,4.15,Split,2.0,1,1,1,1,0,1,0,0,0,0,0,0,0,1,3
29860,Godrej,4.6,Window,1.5,1,1,1,1,1,0,0,0,0,0,0,0,0,1,5
25509,Voltas,4.6,Window,1.0,1,0,1,0,0,0,1,0,0,0,0,0,0,0,3
27990,Carrier,4.7,Split,1.2,1,1,1,0,0,0,1,0,0,0,0,0,0,1,5
27990,Realme,4.55,Split,1.5,1,0,1,0,0,1,0,1,1,0,0,0,0,1,3
35990,IFB,4.35,Split,1.5,1,0,1,1,1,0,0,0,0,0,0,0,0,1,3
34490,Daikin,4.3,Split,1.5,1,0,1,1,0,0,0,0,0,1,0,0,1,1,3
39990,Blue Star,4.65,Split,1.5,1,1,1,0,0,1,0,1,1,0,0,0,1,1,3
45989,Panasonic,4.15,Split,1.5,1,0,1,1,0,0,0,0,0,0,1,0,0,1,5
36990,Carrier,4.0,Split,1.5,1,0,0,0,0,0,0,1,1,0,0,1,1,1,3
40489,Panasonic,4.55,Split,1.5,1,0,1,0,0,0,0,1,1,0,1,1,0,1,3
39990,Haier,4.5,Split,1.5,1,1,1,0,0,1,0,1,1,0,0,1,0,1,4
52990,Haier,4.35,Split,1.8,1,1,1,0,0,1,0,1,1,0,0,1,0,1,5
38990,Blue Star,4.0,Split,1.5,1,1,1,1,0,0,1,0,0,0,0,0,0,0,2
33490,Blue Star,4.05,Window,1.5,1,1,1,1,1,1,0,0,0,0,0,0,0,0,3
49990,LG,4.65,Split,1.5,1,1,1,1,0,0,1,0,0,0,0,0,0,1,5
33899,Lloyd,4.0,Split,1.5,1,0,1,0,0,0,0,0,0,1,0,0,0,1,3
32990,Godrej,4.25,Split,1.5,1,0,1,1,1,0,0,0,0,1,0,0,0,1,4
29490,Godrej,4.25,Split,1.5,1,0,1,1,0,0,1,0,0,0,0,0,0,1,3
31790,Lloyd,4.35,Split,1.5,1,1,1,1,0,0,0,0,0,0,0,0,1,1,3
50990,Blue Star,4.05,Split,2.0,1,1,1,0,0,1,0,1,1,0,0,1,1,1,3
33990,Lloyd,4.6,Split,1.0,1,0,1,0,0,0,0,0,0,1,0,0,0,1,3
33950,Lloyd,4.2,Split,1.5,1,0,1,0,0,0,0,0,0,1,0,0,0,1,3
35890,Lloyd,4.05,Split,1.5,1,0,1,0,0,0,0,0,0,1,0,0,0,1,3
28499,Whirlpool,4.55,Split,1.5,1,0,1,0,0,0,0,0,0,1,0,0,0,1,3
53990,Voltas,4.45,Split,1.5,1,1,1,0,1,0,0,0,0,1,0,0,0,1,5
36990,Haier,4.65,Split,1.0,1,1,1,1,0,1,0,0,0,0,0,0,0,1,3
39850,Lloyd,4.35,Window,1.5,1,0,1,0,0,1,0,1,1,0,0,1,0,1,5
56990,Lloyd,4.5,Split,2.0,1,1,1,1,0,0,0,0,0,0,0,0,0,1,5
37690,LG,4.65,Split,1.5,1,0,0,1,1,0,0,0,0,0,0,0,0,1,3
43990,Daikin,4.25,Split,1.0,1,0,1,1,0,0,0,0,0,0,0,0,1,1,5
37490,Daikin,4.65,Split,1.5,1,0,1,1,0,0,0,0,0,0,0,0,1,1,3
46989,Carrier,4.6,Split,1.5,1,0,1,1,1,0,0,1,1,0,0,1,1,1,5
37989,Blue Star,4.5,Split,1.0,1,1,1,1,0,0,0,1,1,0,0,1,0,1,5
56490,Panasonic,4.75,Split,2.0,1,0,1,0,0,0,0,1,1,0,1,1,0,1,3
36489,Samsung,4.6,Split,1.5,1,1,1,0,0,0,0,1,1,0,0,1,0,1,3
25990,Hisense,4.3,Split,1.0,1,0,1,0,0,0,0,1,1,0,0,0,1,1,3
34490,Carrier,4.75,Split,1.5,1,0,0,1,1,0,0,0,0,0,0,0,1,1,3
43990,Daikin,4.45,Split,1.5,1,0,1,1,0,0,0,0,0,0,0,0,0,1,5
39999,Lloyd,4.75,Split,1.5,1,1,1,0,0,0,0,1,1,0,0,0,0,1,5
36890,Lloyd,4.25,Window,1.5,0,1,1,1,1,1,0,1,1,0,0,1,0,1,5
31490,Voltas,4.75,Split,1.5,1,1,1,0,1,0,0,0,0,0,0,0,0,1,3
23290,Blue Star,4.0,Window,0.75,1,1,1,1,1,1,0,0,0,0,0,0,0,0,3
31990,Panasonic,4.4,Split,1.0,1,1,1,1,0,0,0,0,0,0,0,0,0,1,5
39990,Voltas,4.1,Split,1.5,1,1,1,0,0,0,0,1,1,0,0,0,0,1,5
26890,Voltas,4.35,Window,1.5,1,1,1,1,0,1,0,0,0,0,0,0,0,0,3
26990,MarQ,4.1,Split,1.5,1,1,1,1,0,1,0,0,0,0,0,0,0,1,3
71990,Panasonic,4.75,Split,2.0,1,0,1,0,0,0,0,1,1,0,1,1,0,1,5
44990,Hitachi,4.0,Split,1.5,1,0,1,0,0,0,0,0,0,0,0,0,0,1,5
36990,Realme,4.6,Split,2.0,1,0,1,0,0,1,0,1,1,0,0,0,0,1,3
31990,Realme,4.5,Split,1.5,1,0,1,0,0,1,0,1,1,0,0,0,0,1,5
25490,Realme,4.75,Split,1.0,1,0,1,0,0,1,0,1,1,0,0,0,0,1,3
59490,Daikin,4.0,Split,2.0,1,0,1,1,0,0,0,0,0,1,0,0,1,1,3
33990,Godrej,4.7,Split,1.0,1,0,1,1,0,0,0,0,0,1,0,0,0,1,5
41490,Daikin,4.35,Split,1.5,1,0,1,1,0,0,0,0,0,0,0,0,0,1,3
42990,Daikin,4.6,Split,1.0,1,0,1,1,0,0,0,0,0,0,0,0,1,1,5
47990,Haier,4.05,Split,2.0,1,1,0,1,1,1,0,0,0,0,0,0,0,1,3
56989,LG,4.25,Split,2.0,1,1,1,1,0,0,1,0,0,0,0,0,0,1,3
49990,Samsung,4.6,Split,1.5,1,1,1,0,0,0,0,1,1,0,0,1,0,1,5
45590,Blue Star,4.05,Split,1.5,1,1,1,0,0,0,0,1,1,0,1,1,1,1,5
38989,Blue Star,4.55,Split,1.0,1,1,1,0,0,1,0,1,1,0,0,1,1,1,5
41500,LG,4.2,Split,1.5,1,1,1,1,0,0,0,0,0,0,1,0,0,1,3
36990,Whirlpool,4.6,Split,1.5,1,0,1,0,0,0,0,0,0,1,0,0,0,1,5
30490,Whirlpool,4.35,Split,1.5,1,0,1,0,0,0,0,0,0,1,0,0,0,1,3
37131,Blue Star,4.1,Split,1.0,1,1,1,1,1,0,0,0,0,0,0,0,0,0,2
37489,Voltas,4.4,Window,1.5,1,0,0,0,1,0,1,0,0,0,0,0,0,1,5
36990,IFB,4.2,Split,1.5,1,0,1,0,0,0,0,1,1,0,0,0,0,1,3
41990,Lloyd,4.55,Split,1.5,1,1,1,0,0,0,0,0,0,1,0,0,0,1,5
45490,Blue Star,4.0,Split,1.5,1,1,1,1,0,1,0,0,0,0,0,0,1,1,5
65989,Panasonic,4.5,Split,2.0,1,0,1,0,0,0,0,1,1,0,1,1,0,1,5
36490,Voltas,4.05,Split,1.5,1,1,1,1,0,0,0,1,1,0,1,0,0,1,3
36990,Motorola,4.75,Split,1.5,1,1,1,0,0,0,0,1,1,0,1,0,0,1,5
37390,Samsung,4.25,Split,1.0,1,1,1,0,0,0,0,1,1,0,0,1,0,1,5
43990,Panasonic,4.35,Split,1.5,1,0,1,0,0,0,0,1,1,0,1,1,0,1,4
30990,TCL,4.5,Split,1.5,1,1,1,1,0,0,1,0,0,0,0,0,1,1,3
36990,LG,4.6,Split,1.0,1,1,1,1,1,0,0,0,0,0,0,0,0,1,5
27490,Hisense,4.25,Split,1.5,1,0,1,0,0,0,0,1,1,0,0,0,1,1,3
36489,LG,4.05,Split,1.5,1,0,0,1,1,0,0,0,0,0,0,0,0,1,3
35490,Haier,4.3,Split,1.5,1,1,1,0,0,0,0,1,1,0,0,1,0,1,4
30000,Godrej,4.7,Window,1.5,0,1,1,1,1,1,0,0,0,0,0,0,0,1,3
27990,Godrej,4.45,Split,1.2,1,1,1,1,1,0,0,0,0,0,0,0,0,1,3
50590,O General,4.5,Split,1.5,1,1,1,1,0,0,0,0,0,0,0,0,0,1,3
45600,Carrier,4.4,Split,1.5,1,1,1,0,0,1,0,1,1,0,0,0,0,1,5
43990,Haier,4.3,Split,1.6,1,1,1,0,0,0,0,1,1,0,0,1,0,1,5
39490,Lloyd,4.3,Split,1.5,1,1,1,1,0,0,1,0,0,0,0,0,1,1,5
35100,Lloyd,4.1,Split,1.5,1,1,1,1,0,0,1,0,0,0,0,0,0,1,3
44790,Lloyd,4.65,Split,1.5,1,1,1,1,0,0,1,0,0,0,0,0,1,1,5
25005,Blue Star,4.7,Window,1.0,1,1,0,1,1,1,0,0,0,0,0,0,0,0,3
58390,Hitachi,4.7,Split,1.5,1,1,1,0,0,0,0,1,1,0,0,0,0,1,5
35490,IFB,4.05,Split,1.5,1,1,1,1,0,1,0,0,0,0,0,0,0,1,5
37490,Carrier,4.3,Split,1.5,1,0,0,0,0,0,0,1,1,0,0,1,0,1,5
38990,LG,4.6,Window,1.5,1,0,1,1,1,1,0,0,0,0,0,0,0,1,5
31990,Samsung,4.35,Split,1.5,1,1,1,0,0,1,0,1,1,0,0,1,0,1,3
42990,LG,4.05,Split,1.5,1,1,1,0,0,0,0,1,1,0,0,0,0,1,5
33990,LG,4.5,Split,1.5,1,1,1,0,0,0,0,1,1,0,0,0,0,1,3
28855,Godrej,4.5,Split,1.5,1,1,1,0,0,0,0,0,0,1,0,0,0,1,3
25490,Godrej,4.5,Window,1.5,1,1,1,1,1,0,0,0,0,0,0,0,0,0,3
56540,Daikin,4.75,Split,1.8,1,0,1,1,0,0,0,0,0,0,0,0,0,1,3
41990,Whirlpool,4.2,Split,1.5,1,0,1,0,0,0,0,0,0,1,0,0,0,1,5
27990,TCL,4.35,Split,1.0,1,1,1,1,0,0,1,0,0,0,0,0,1,1,3
49990,Panasonic,4.2,Split,1.5,1,0,1,0,0,0,0,1,1,0,1,1,0,1,5
36485,Haier,4.5,Split,1.5,1,1,1,1,0,0,0,1,1,0,0,0,0,1,3
39489,Blue Star,4.65,Window,1.5,1,1,0,1,1,1,0,0,0,0,0,0,0,1,5
42490,IFB,4.05,Split,1.5,1,0,1,0,0,0,0,1,1,0,0,0,0,1,5
45999,Hitachi,4.0,Split,1.5,1,0,1,1,0,0,0,1,1,0,0,1,0,1,5
47990,Blue Star,4.7,Split,2.0,1,1,1,1,0,1,0,0,0,0,0,0,1,1,3
35990,Hitachi,4.75,Split,1.5,1,0,1,1,0,1,0,0,0,0,0,0,0,1,3
36990,Blue Star,4.75,Split,1.5,1,1,1,1,0,1,0,0,0,0,0,0,1,1,3
84490,Daikin,4.2,Split,2.5,1,0,1,1,0,0,0,0,0,0,0,0,1,1,3
38990,Haier,4.4,Split,1.0,1,1,1,0,0,1,0,1,1,0,0,1,0,1,5
39990,Haier,4.4,Split,1.5,1,1,1,0,0,1,0,1,1,0,0,1,0,1,3
31490,Voltas,4.55,Split,1.0,1,1,0,0,1,0,0,0,0,0,1,0,0,1,3
39080,Voltas,4.5,Window,1.5,1,1,1,0,1,1,0,0,0,0,0,0,0,1,5
33690,Voltas,4.65,Window,1.5,1,0,0,0,1,0,0,0,0,0,0,0,0,1,3
42990,Voltas,4.65,Split,1.0,1,1,1,0,0,0,0,1,1,0,0,0,0,1,5
48790,Panasonic,4.65,Split,1.5,1,0,1,0,0,0,0,1,1,0,0,1,0,1,4
78990,Panasonic,4.15,Split,2.5,1,0,1,0,0,0,0,1,1,0,1,1,0,1,3
49800,Panasonic,4.05,Split,2.0,1,0,1,1,0,0,0,0,0,0,1,0,0,1,3
53190,LG,4.35,Split,1.5,1,1,1,1,0,0,0,1,1,0,0,0,0,1,5
49365,LG,4.1,Window,1.5,1,0,1,0,0,1,0,1,1,0,0,1,0,1,3
35490,LG,4.0,Window,1.5,1,0,1,1,1,1,0,0,0,0,0,0,0,1,3
25999,LG,4.55,Split,0.75,1,0,1,0,1,0,0,0,0,1,0,0,0,1,2
43990,LG,4.2,Split,1.5,1,1,1,1,0,0,1,0,0,0,0,0,0,1,5
32990,Godrej,4.1,Split,1.8,1,0,1,1,1,0,0,0,0,1,0,0,0,1,3
28450,Godrej,4.05,Split,1.0,1,0,1,1,0,0,0,0,0,1,0,0,0,1,3
39990,Godrej,4.0,Split,2.0,1,0,1,1,0,0,0,0,0,1,0,0,0,1,3
49990,Voltas,4.65,Split,1.5,1,1,1,1,0,0,0,0,0,0,1,0,0,1,5
28899,Voltas,4.55,Window,1.5,1,0,1,0,1,0,0,0,0,0,0,0,0,0,2
44489,IFB,4.4,Split,1.5,1,0,1,0,0,0,0,1,1,0,0,0,0,1,5
39990,Panasonic,4.5,Window,1.5,1,0,1,0,0,0,0,0,0,0,0,0,0,1,5
43490,Haier,4.35,Split,1.5,1,1,1,0,0,1,0,1,1,0,0,1,0,1,4
54490,Haier,4.6,Split,1.6,1,1,1,1,0,0,1,0,0,0,0,0,0,1,5
55690,Haier,4.0,Split,2.0,1,1,1,1,0,1,0,0,0,0,0,0,0,1,3
36990,Lloyd,4.55,Split,1.0,1,1,1,1,0,0,0,0,0,1,0,0,0,1,5
42490,Samsung,4.0,Split,1.5,1,1,1,0,0,0,0,1,1,0,0,1,0,1,4
37490,LG,4.6,Split,1.0,1,0,1,0,1,0,0,0,0,1,0,0,0,1,4
38490,Carrier,4.05,Window,1.5,1,1,0,1,0,0,0,0,0,0,0,0,0,1,5
47498,Hitachi,4.35,Split,2.0,1,0,1,1,0,0,0,0,0,0,0,0,0,1,3
48490,Samsung,4.0,Split,1.5,1,1,1,0,0,0,0,1,1,0,0,1,0,1,5
41990,Croma,4.6,Split,1.5,1,1,1,1,0,1,0,0,0,0,0,0,1,1,5
29490,Croma,4.4,Split,1.5,1,1,0,1,0,0,0,0,0,0,1,0,0,1,3
37499,Samsung,4.6,Split,1.5,1,1,1,0,0,0,0,1,1,0,0,1,0,1,3
49990,Carrier,4.6,Split,2.0,1,0,1,1,1,0,0,1,1,0,0,1,1,1,3
37990,TCL,4.65,Split,1.5,1,1,1,1,0,0,1,0,0,0,0,0,1,1,5
34990,Haier,4.55,Split,1.5,1,0,1,1,0,0,0,0,0,0,1,0,0,1,3
53990,Panasonic,4.65,Split,2.0,1,0,1,0,0,0,0,1,1,0,1,1,0,1,3
46490,Panasonic,4.45,Split,1.5,1,0,1,0,0,0,0,1,1,0,1,1,0,1,4
45490,Panasonic,4.55,Split,1.0,1,0,1,1,0,0,0,0,0,0,1,0,0,1,5
36490,Midea,4.75,Split,1.0,1,0,1,0,0,0,0,1,1,1,0,1,1,1,5
39490,Midea,4.0,Split,1.5,1,1,1,0,0,1,0,1,1,0,0,1,1,1,5
45990,Carrier,4.3,Split,1.5,1,0,1,1,1,0,0,0,0,1,0,0,1,1,5
30990,Midea,4.6,Split,1.5,1,1,1,1,1,1,0,0,0,0,0,0,1,1,3
36990,Carrier,4.6,Split,1.5,1,0,0,0,0,0,0,1,1,0,0,1,1,1,3
40990,Blue Star,4.75,Split,1.5,1,1,1,0,0,0,0,1,1,0,1,1,0,1,5
35500,Godrej,4.7,Split,1.5,1,0,1,1,1,0,0,0,0,1,0,0,0,1,5
33490,Voltas,4.05,Split,1.5,1,1,1,0,0,0,0,0,0,0,0,0,0,1,3
34700,Voltas,4.75,Split,1.0,1,1,1,0,0,0,0,1,1,0,0,0,0,1,5
44549,Godrej,4.4,Split,2.0,0,0,1,0,1,0,0,0,0,0,0,0,0,1,5
27990,TCL,4.2,Split,1.0,0,0,1,0,0,0,0,0,0,0,0,0,0,1,3
37990,Godrej,4.35,Window,1.5,1,0,1,1,1,0,0,0,0,0,0,0,0,1,5
44765,Daikin,4.65,Split,1.5,1,1,1,1,0,1,0,0,0,0,0,0,1,1,5
36990,Lloyd,4.0,Split,1.5,1,1,1,0,0,0,0,0,0,0,0,0,1,1,5
47990,LG,4.3,Split,2.0,1,1,1,1,1,0,0,0,0,0,0,0,0,1,3
37107,Panasonic,4.2,Split,1.5,1,0,0,1,0,0,0,0,0,0,0,0,0,1,3
45800,Panasonic,4.1,Split,1.5,1,0,1,1,1,0,0,0,0,0,1,0,0,1,5
39990,Blue Star,4.0,Split,1.5,1,1,1,0,1,0,0,0,0,0,1,0,1,1,5
28450,Sharp,4.5,Split,1.5,0,1,0,1,1,0,0,0,0,0,0,0,0,1,3
36999,Sharp,4.1,Split,1.5,0,1,0,1,1,0,0,0,0,0,0,0,0,1,5
36590,O General,4.5,Split,1.0,1,1,1,1,0,0,0,0,0,0,0,0,0,1,3
37500,Carrier,4.5,Split,1.5,1,1,1,0,0,1,0,1,1,0,0,0,0,1,3
42980,Haier,4.5,Split,1.6,1,1,1,0,0,0,0,1,1,0,0,1,0,1,5
45400,Blue Star,4.3,Split,1.5,1,1,1,0,1,0,1,0,0,0,0,0,1,1,5
64490,Lloyd,4.5,Split,1.5,1,1,1,0,0,1,0,1,1,0,0,1,0,1,5
34990,Daikin,4.2,Split,1.5,1,1,1,1,0,1,0,0,0,0,0,0,1,1,3
31290,Blue Star,4.5,Window,1.5,1,1,0,1,1,1,0,0,0,0,0,0,0,1,3
32989,Godrej,4.65,Split,1.5,1,0,1,0,0,0,0,1,1,0,0,1,0,1,3
40990,Blue Star,4.65,Split,1.5,1,1,1,0,0,0,0,1,1,0,0,1,0,1,5
38490,Lloyd,4.7,Split,1.5,1,1,1,0,0,0,1,0,0,0,0,0,1,1,5
42300,Daikin,4.5,Split,1.5,1,0,1,1,0,0,0,0,0,0,0,0,1,1,3
29290,Whirlpool,4.2,Split,1.5,1,1,1,0,0,0,0,0,0,1,0,0,0,1,3
35900,Godrej,4.1,Split,1.5,1,1,1,1,1,0,0,0,0,1,0,0,0,1,3
41950,Carrier,4.15,Split,1.5,0,0,1,0,0,0,0,1,1,0,0,0,0,1,5
53090,Daikin,4.0,Split,1.5,1,0,1,1,0,0,0,0,0,1,0,0,0,1,3
35490,Hitachi,4.3,Split,1.5,1,0,1,0,0,0,0,0,0,0,0,0,0,0,3
38490,Panasonic,4.05,Split,1.5,1,1,1,0,0,0,0,1,1,0,0,1,0,1,5
25290,Daikin,4.75,Split,0.75,1,0,0,1,1,0,0,0,0,0,0,0,1,0,3
33870,Godrej,4.5,Split,1.5,1,1,1,1,0,0,0,0,0,1,0,0,0,1,3
31990,Godrej,4.35,Split,1.5,0,0,1,0,0,0,0,0,0,0,0,0,0,1,3
30990,Godrej,4.1,Split,1.5,1,1,1,1,1,0,0,0,0,0,0,0,0,1,4
32990,Voltas,4.35,Split,1.0,1,1,1,1,1,0,0,0,0,0,1,0,0,1,5
31490,Onida,4.3,Split,1.5,0,1,1,0,0,0,0,0,0,1,0,0,0,1,5
44490,Godrej,4.65,Split,2.5,1,1,1,1,0,0,0,0,0,1,0,0,0,1,3
51900,O General,4.65,Window,1.8,0,1,1,1,0,0,0,0,0,0,0,0,0,0,5
47999,MarQ,4.7,Split,1.0,1,1,1,0,1,0,0,0,0,0,1,0,0,1,3
41590,O General,4.25,Window,1.5,1,0,1,1,0,0,0,0,0,0,0,0,0,0,3
28625,Blue Star,4.5,Split,1.0,0,1,0,0,0,1,1,0,0,0,0,0,0,1,4
53400,Blue Star,4.45,Split,2.0,0,1,1,1,0,1,0,0,0,0,0,0,0,1,5
41900,Voltas,4.1,Split,1.5,1,1,1,1,0,0,0,0,0,0,0,0,0,1,5
32883,Daikin,4.0,Split,1.5,1,1,1,0,0,0,1,0,0,0,0,0,0,1,3
35886,Daikin,4.45,Split,1.5,0,1,1,0,0,1,1,0,0,0,0,0,0,1,4
34548,Daikin,4.15,Split,1.0,1,1,1,1,0,1,0,0,0,0,0,0,0,1,5
26251,Daikin,4.35,Split,1.0,1,1,0,1,0,0,1,0,0,0,0,0,0,0,3
35490,Daikin,4.3,Split,1.5,1,1,0,1,0,0,1,0,0,0,0,0,0,0,3
36582,O General,4.65,Window,1.0,1,0,0,0,0,0,0,0,0,0,0,0,0,0,4
44290,Haier,4.45,Split,1.8,1,1,1,1,0,0,0,1,1,0,0,1,0,1,3
37890,Daikin,4.75,Split,1.0,1,0,1,1,0,0,0,0,0,0,0,0,1,1,3
47190,Whirlpool,4.7,Split,2.0,1,0,1,0,0,0,0,0,0,1,0,0,0,1,3
27990,Onida,4.5,Split,1.0,1,1,1,0,0,0,0,0,0,0,0,0,0,1,3
30990,Onida,4.4,Split,1.5,1,0,1,0,0,0,0,0,0,0,0,0,0,1,3
41990,Onida,4.35,Split,2.0,1,0,1,0,0,0,0,0,0,0,0,0,0,1,3
36990,Blue Star,4.0,Window,1.5,1,1,0,1,1,1,0,0,0,0,0,0,0,1,3
36990,Hitachi,4.3,Split,1.5,1,0,1,1,0,0,1,0,0,0,0,0,0,1,3
48490,IFB,4.25,Split,2.0,1,0,1,0,0,0,0,1,1,0,0,0,0,1,3
30490,Sharp,4.15,Split,1.5,0,1,1,1,1,0,0,0,0,0,0,0,0,1,3
26990,Sharp,4.5,Split,1.0,0,1,1,1,1,0,0,0,0,0,0,0,0,1,3
33990,Hitachi,4.5,Window,1.5,1,0,1,0,0,0,1,0,0,0,0,0,0,1,3
41499,Hitachi,4.75,Split,1.5,1,0,1,1,0,0,0,0,0,0,0,0,0,1,3
30999,Hitachi,4.4,Split,1.0,1,0,1,1,0,0,0,0,0,1,0,0,0,1,3
40790,Daikin,4.45,Split,1.5,1,0,1,1,0,0,0,0,0,1,0,0,1,0,2
36490,Blue Star,4.45,Split,1.5,1,1,1,1,0,0,1,0,0,0,0,0,0,1,3
25990,Daikin,4.15,Split,0.75,1,0,0,1,0,0,0,0,0,1,0,0,1,0,2
52990,Daikin,4.25,Split,1.8,1,0,1,1,0,0,0,0,0,0,0,0,1,1,3
31999,Panasonic,4.35,Split,1.0,1,0,0,1,0,1,0,0,0,0,0,0,0,1,3
42990,LG,4.25,Split,1.5,1,1,1,1,0,0,1,0,0,0,0,0,0,1,3
29490,Godrej,4.6,Split,1.5,1,1,1,0,0,0,0,0,0,1,0,0,0,1,3
30949,Whirlpool,4.65,Window,1.5,1,0,1,0,0,1,0,0,0,1,0,0,0,1,3
29890,Whirlpool,4.5,Split,1.5,1,0,1,1,0,0,0,0,0,0,1,0,0,1,3
33990,Whirlpool,4.15,Split,1.5,1,0,1,0,0,0,0,0,0,1,0,0,0,1,3
30989,IFB,4.35,Split,1.0,1,0,0,0,0,0,0,1,1,0,0,0,0,1,3
37490,Voltas,4.05,Split,1.0,1,1,0,1,1,0,0,0,0,0,0,0,0,1,5
35489,Carrier,4.5,Window,1.5,1,1,0,1,0,0,0,0,0,0,0,0,0,1,3
37990,Sharp,4.7,Window,2.0,0,1,1,0,0,0,0,0,0,0,0,0,0,0,2
33090,Panasonic,4.45,Window,1.5,1,0,1,0,0,0,0,0,0,0,0,0,0,0,3
30700,Sharp,4.55,Window,1.5,0,1,1,0,0,0,0,0,0,0,0,0,0,0,3
27990,Voltas,4.7,Window,1.0,1,0,1,0,1,0,0,0,0,0,0,0,0,0,2
32489,Voltas,4.0,Window,1.5,0,1,0,0,1,0,1,0,0,0,0,0,0,0,3
29990,Voltas,4.0,Window,1.5,0,1,0,0,1,0,1,0,0,0,0,0,0,0,2
31990,Lloyd,4.7,Window,1.5,1,0,1,1,0,1,0,0,0,0,0,0,0,0,3
30489,Lloyd,4.55,Split,1.0,1,1,1,1,0,0,0,0,0,1,0,0,0,1,3
46490,Lloyd,4.2,Split,2.0,1,1,1,1,0,0,0,0,0,0,0,0,0,1,3
34490,Lloyd,4.25,Split,1.5,1,1,1,0,0,0,0,1,1,0,0,1,0,1,3
40990,Samsung,4.75,Split,1.5,1,1,1,0,0,0,0,1,1,0,0,1,0,1,3
45800,IFB,4.3,Split,1.5,1,1,1,1,1,0,0,0,0,0,1,0,0,1,5
38989,Panasonic,4.7,Split,1.0,1,0,1,0,0,0,0,1,1,0,1,1,0,1,4
36999,Hitachi,4.3,Split,1.0,1,0,1,1,0,0,0,0,0,0,0,0,0,1,5
33990,Voltas,4.05,Split,1.0,1,1,1,1,0,0,0,1,1,0,1,0,0,1,3
46990,Samsung,4.45,Split,1.5,1,1,1,0,0,0,0,1,1,0,0,1,0,1,5
28990,Motorola,4.5,Split,1.0,1,1,1,0,0,0,0,1,1,0,1,0,0,1,3
33090,Croma,4.0,Split,1.5,1,1,1,1,0,0,0,0,0,0,1,0,0,1,3
29490,Croma,4.6,Split,1.0,1,1,1,1,0,0,0,0,0,0,1,0,1,1,3
27990,Croma,4.65,Split,1.0,1,1,0,1,0,0,0,0,0,0,1,0,0,1,3
30490,Croma,4.0,Split,1.0,1,1,1,1,0,0,1,0,0,0,0,0,1,1,3
51990,Samsung,4.05,Split,1.5,1,1,1,0,0,0,0,1,1,0,0,1,0,1,5
50990,Samsung,4.3,Split,2.0,1,1,1,0,0,0,0,1,1,0,0,1,0,1,3
42989,Panasonic,4.2,Split,1.0,1,0,1,0,0,0,0,1,1,0,1,1,0,1,5
35989,Panasonic,4.3,Split,1.0,1,0,1,0,0,0,0,1,1,0,1,1,0,1,3
39990,Samsung,4.45,Split,1.5,1,1,1,0,0,0,0,1,1,0,0,1,0,1,3
31490,Blue Star,4.45,Split,1.0,1,1,1,1,0,0,1,0,0,0,0,0,0,1,3
41990,Blue Star,4.45,Split,1.5,1,1,1,0,0,0,0,1,1,0,1,1,0,1,3
69990,Panasonic,4.5,Split,2.0,1,0,1,0,0,0,0,1,1,0,1,1,0,1,5
46490,Panasonic,4.65,Split,1.0,1,0,1,0,0,0,0,1,1,0,1,1,0,1,5
32489,Samsung,4.25,Split,1.0,1,1,1,0,0,0,0,1,1,0,0,1,0,1,3
29990,Hisense,4.75,Split,1.5,1,0,1,0,0,0,0,0,0,0,0,0,1,1,3
34740,Hisense,4.1,Split,1.5,1,0,1,0,0,0,0,0,0,0,0,0,1,1,5
44790,Croma,4.35,Split,2.0,1,1,1,1,0,0,1,0,0,0,0,0,1,1,3
41690,LG,4.6,Split,1.5,1,0,1,1,1,0,0,0,0,0,0,0,0,1,3
33490,Midea,4.45,Split,1.5,1,1,1,0,0,1,0,1,1,0,0,1,1,1,3
32989,Carrier,4.3,Split,1.0,1,0,1,1,1,0,0,0,0,1,0,0,1,1,3
34290,LG,4.25,Split,1.0,1,0,1,1,1,0,0,0,0,0,0,0,0,1,3
43990,LG,4.0,Split,1.5,1,0,1,0,0,0,0,1,1,0,0,1,0,1,5
37490,LG,4.05,Split,1.0,1,0,1,1,1,0,1,0,0,0,0,0,0,1,3
34490,Croma,4.05,Window,1.5,1,1,0,1,1,0,0,0,0,0,0,0,0,1,5
47590,Blue Star,4.45,Split,1.5,1,1,1,0,0,0,0,1,1,0,1,1,0,1,5
34040,Whirlpool,4.75,Split,1.5,1,0,1,1,0,0,0,0,0,0,1,0,0,1,5
35490,Carrier,4.0,Window,1.5,1,1,0,1,0,0,0,0,0,0,0,0,0,1,3
40990,Godrej,4.35,Split,2.0,1,0,1,1,0,0,0,0,0,1,0,0,0,1,3
34490,Daikin,4.55,Split,1.5,1,0,1,1,0,0,0,0,0,1,0,0,1,1,3
37300,Blue Star,4.75,Split,1.5,1,0,1,1,0,1,0,0,0,0,0,0,0,1,3
59990,Godrej,4.65,Split,3.0,1,0,1,1,1,1,0,0,0,0,0,0,0,1,3
33506,Godrej,4.2,Split,1.5,1,0,1,0,0,0,0,0,0,0,0,0,0,1,3
28690,Voltas,4.7,Split,1.0,1,0,1,1,0,0,1,0,0,0,0,0,0,1,3
34950,Daikin,4.15,Split,1.0,1,0,1,1,0,0,0,0,0,0,0,0,0,1,3
35950,Lloyd,4.5,Window,1.5,1,0,1,1,0,1,0,0,0,0,0,0,0,1,5
42282,Daikin,4.55,Split,1.5,1,0,1,1,0,0,0,0,0,1,0,0,0,1,3
43990,Haier,4.15,Split,1.6,1,1,1,0,0,0,0,1,1,0,0,1,0,1,5
41500,LG,4.4,Split,1.5,1,1,1,1,0,0,0,0,0,0,0,0,0,1,3
45999,Haier,4.35,Split,1.6,1,1,1,1,0,0,0,0,0,0,0,0,0,1,5
44000,Carrier,4.55,Split,1.5,1,0,1,0,0,0,0,1,1,0,0,1,1,1,5
70359,Blue Star,4.35,Split,2.0,1,1,0,0,0,1,0,1,0,0,0,0,0,1,3
35900,Voltas,4.4,Split,1.5,1,1,1,1,0,1,0,0,0,0,0,0,0,1,3
29549,BPL,4.25,Split,1.5,1,0,1,1,1,0,0,0,0,0,0,0,0,0,3
39590,Blue Star,4.2,Window,2.0,1,0,0,1,1,0,0,0,0,0,0,0,0,1,3
35991,Haier,4.7,Split,1.5,1,1,1,0,0,0,0,0,0,0,0,0,0,1,3
46500,Blue Star,4.15,Split,1.5,1,1,1,0,0,0,0,1,1,0,0,1,0,1,5
30990,Lloyd,4.15,Split,1.5,1,1,1,0,0,0,0,0,0,0,0,0,1,1,3
41850,Whirlpool,4.4,Split,1.5,1,0,1,0,0,1,0,0,0,1,0,0,0,1,5
43000,Haier,4.0,Split,1.6,1,1,1,0,0,0,0,1,1,0,0,1,0,1,5
43990,Haier,4.6,Split,1.6,1,1,1,0,0,0,0,1,1,0,0,1,0,1,5
44990,Voltas,4.35,Split,2.0,1,1,1,1,1,0,0,0,0,0,0,0,0,1,3
33999,Carrier,4.7,Window,1.5,1,1,0,1,0,0,1,0,0,0,0,0,0,1,3
36990,Panasonic,4.3,Split,1.5,1,0,1,0,0,0,0,1,1,0,1,1,0,1,3
49990,Panasonic,4.0,Split,2.0,1,0,1,1,1,0,0,0,0,0,1,0,0,1,3
56490,Panasonic,4.0,Split,2.0,1,0,1,0,0,0,0,1,1,0,0,1,0,1,3
30994,Croma,4.35,Window,1.5,1,0,0,1,0,1,0,0,0,0,0,0,0,1,5
37500,Panasonic,4.75,Split,1.5,1,0,1,0,0,0,0,0,0,1,0,0,0,1,3
37500,Blue Star,4.75,Split,1.5,1,1,1,0,1,0,0,0,0,0,1,0,1,1,3
27990,Sharp,4.5,Split,1.5,0,1,0,1,1,0,0,0,0,0,0,0,0,1,5
37500,Panasonic,4.5,Split,1.5,1,1,1,0,0,0,0,0,0,1,0,0,0,1,3
41400,Daikin,4.4,Split,1.5,1,1,1,0,0,1,1,0,0,0,0,0,1,1,3
26390,Sansui,4.0,Split,1.5,1,1,1,1,1,0,0,0,0,0,1,0,1,1,3
60000,Blue Star,4.1,Split,1.5,1,1,1,0,0,1,1,0,0,0,0,0,0,1,5
37990,Haier,4.1,Split,1.0,1,1,1,0,0,0,0,0,0,1,0,0,0,1,5
44290,Blue Star,4.05,Split,1.5,1,1,1,0,0,0,0,1,1,0,1,1,1,1,5
32990,Panasonic,4.7,Split,1.0,1,0,1,0,0,0,0,1,1,1,1,1,0,1,3
40264,Blue Star,4.05,Split,1.5,1,1,1,0,0,0,0,1,1,0,1,1,1,1,3
68199,Motorola,4.35,Split,2.0,1,1,1,0,0,0,0,1,1,0,1,0,0,1,3
44990,IFB,4.55,Split,2.0,1,0,0,0,0,0,0,1,1,0,0,0,0,1,3
51190,Lloyd,4.1,Split,1.5,1,1,1,0,0,1,0,1,1,0,0,1,0,1,5
29989,Blue Star,4.5,Split,1.0,1,1,1,0,0,0,0,0,0,1,0,0,1,1,3
34990,Blue Star,4.2,Window,1.5,1,1,1,1,1,1,0,0,0,0,0,0,0,1,5
56990,Panasonic,4.2,Split,2.0,1,0,1,0,0,0,0,1,1,0,1,1,0,1,3
65990,Panasonic,4.15,Split,2.0,1,1,1,0,0,0,0,1,1,0,1,1,0,1,5
36990,Hitachi,4.1,Split,1.5,1,1,1,0,1,0,1,0,0,0,0,0,0,1,3
37100,Blue Star,4.75,Split,1.0,1,1,1,0,0,0,0,0,0,0,0,0,0,1,5
32990,Sansui,4.4,Split,1.5,1,1,1,1,1,1,0,0,0,0,0,0,0,1,5
42590,Blue Star,4.3,Split,1.5,1,1,1,0,0,1,0,1,1,0,0,1,1,1,5
24990,Sansui,4.75,Split,1.0,1,1,1,1,1,1,0,0,0,0,0,0,0,1,3
52459,Daikin,4.65,Split,1.8,1,1,1,1,0,0,1,0,0,0,0,0,0,1,3
48990,Hitachi,4.7,Split,2.0,1,0,1,0,0,0,0,1,1,1,0,0,0,0,2
31999,Acer,4.45,Split,1.5,1,0,1,1,1,0,0,0,0,0,0,0,0,1,3
29290,Whirlpool,4.45,Split,1.5,1,0,1,0,0,0,0,0,0,1,0,0,0,1,3
44190,Panasonic,4.75,Split,1.5,1,0,1,0,0,0,0,1,1,0,0,1,0,1,3
32500,Haier,4.05,Split,1.0,1,1,1,1,1,0,0,0,0,0,0,0,0,1,3
46490,Carrier,4.6,Split,2.0,1,1,1,0,0,0,0,1,1,0,1,1,0,1,3
41850,Whirlpool,4.65,Split,1.5,1,1,1,0,0,0,0,0,0,1,0,0,0,1,5
24990,Onida,4.65,Split,1.0,0,1,1,0,0,0,0,0,0,1,0,0,0,1,3
28990,Whirlpool,4.7,Split,1.0,1,1,1,0,0,0,0,0,0,1,0,0,0,1,3
79990,Daikin,4.5,Split,2.5,1,1,1,1,1,1,0,0,0,0,0,0,0,1,4
30990,TCL,4.05,Split,1.5,0,1,0,1,0,0,0,0,0,0,0,0,0,1,3
35800,IFB,4.15,Split,1.0,1,1,1,0,0,1,0,1,1,0,0,0,0,1,5
27490,MarQ,4.25,Split,1.0,1,1,1,1,1,0,1,0,0,0,0,0,0,1,5
30991,Hitachi,4.7,Split,1.0,1,0,1,0,0,0,1,0,0,1,0,0,0,1,3
31990,IFB,4.0,Split,1.5,1,1,1,1,0,1,0,0,0,0,0,0,0,1,3
37990,Godrej,4.3,Split,2.0,1,0,1,0,0,0,0,0,0,1,0,0,0,1,3
27990,Godrej,4.35,Split,1.0,1,1,1,1,0,0,1,0,0,0,0,0,0,1,3
26490,Godrej,4.1,Split,1.0,1,1,1,1,0,0,1,0,0,0,0,0,0,1,3
34490,LG,4.3,Split,1.0,1,1,1,1,0,0,1,0,0,0,0,0,0,1,3
48900,Carrier,4.7,Split,2.0,1,1,1,0,0,0,0,1,1,0,0,0,0,1,3
34190,Carrier,4.6,Split,1.5,1,1,1,0,0,0,1,0,0,0,1,0,0,1,3
49990,Carrier,4.4,Split,2.0,1,1,1,0,0,0,1,0,0,0,0,0,0,1,5
36000,Carrier,4.1,Split,1.5,0,1,1,0,0,0,0,1,1,0,0,0,0,1,3
29994,Carrier,4.05,Split,1.0,1,1,1,0,0,0,0,1,1,0,0,0,0,1,3
43590,Haier,4.55,Split,1.6,1,1,1,1,0,0,0,0,0,0,0,0,0,1,5
51253,Haier,4.1,Split,1.5,1,1,1,0,0,0,0,0,0,0,1,0,0,1,3
32990,Hitachi,4.75,Split,1.0,1,0,1,0,0,0,0,0,0,0,0,0,0,0,3
52900,Panasonic,4.45,Split,1.5,1,1,1,1,0,0,0,0,0,0,0,0,0,1,3
37299,Hitachi,4.05,Window,1.5,0,0,1,0,0,0,0,0,0,0,0,0,0,1,3
35990,Hitachi,4.45,Split,1.5,1,1,1,0,1,0,1,0,0,0,0,0,0,1,3
42490,Hitachi,4.6,Split,1.5,1,1,1,0,1,0,0,0,0,0,0,0,0,1,5
42990,Panasonic,4.55,Split,2.0,1,1,1,1,0,0,0,0,0,0,0,0,0,1,3
37500,Panasonic,4.4,Split,1.5,1,0,1,1,0,0,0,1,0,0,0,0,0,1,3
60055,LG,4.3,Split,1.0,1,1,1,1,1,0,0,0,0,0,0,0,0,1,3
36990,LG,4.05,Split,1.0,1,1,1,1,1,0,0,0,0,0,0,0,0,1,5
40976,LG,4.1,Window,1.5,1,0,1,0,0,1,0,1,1,0,0,0,0,1,3
53900,Panasonic,4.5,Split,1.0,1,0,1,0,0,0,0,0,0,1,1,0,0,1,3
39999,Godrej,4.25,Split,2.0,1,0,1,1,0,0,0,0,0,0,0,0,0,1,3
45299,Panasonic,4.35,Split,1.5,1,0,1,0,0,0,0,1,1,0,1,1,0,1,5
31990,Samsung,4.45,Split,1.5,1,1,1,1,1,0,0,0,0,0,0,0,0,1,3
85000,Blue Star,4.35,Split,2.0,1,1,1,0,0,0,0,1,1,0,1,0,0,0,2
33994,Croma,4.25,Split,1.6,1,1,1,1,0,0,0,0,0,0,1,0,0,1,4
33990,Godrej,4.1,Split,1.5,1,1,1,0,0,0,0,0,0,0,0,0,0,1,5
81990,Samsung,4.75,Split,1.5,1,1,1,0,0,0,0,1,1,0,0,1,0,1,5
31990,Samsung,4.25,Split,1.5,1,0,1,0,0,0,0,0,0,1,1,0,0,1,3
35850,Voltas,4.4,Split,1.5,1,0,1,0,0,0,0,0,0,0,0,0,0,1,3
62241,Panasonic,4.0,Split,2.0,1,1,0,0,0,0,0,0,0,0,0,0,0,1,3
41990,Lloyd,4.7,Split,2.0,1,0,1,0,0,1,0,0,0,0,0,0,0,1,3
36699,Blue Star,4.1,Split,1.5,1,1,1,1,0,0,0,0,0,0,0,0,0,1,3
28490,Godrej,4.55,Split,1.5,1,1,1,1,1,0,0,0,0,0,1,0,0,1,3
36900,Daikin,4.15,Split,1.5,1,0,1,1,0,0,0,0,0,0,0,0,1,1,3
37700,Godrej,4.15,Split,0.75,1,1,1,1,1,0,0,0,0,0,0,0,0,1,3
45763,Blue Star,4.05,Split,1.5,0,0,1,0,0,0,0,0,0,0,1,0,0,1,5
38989,Voltas,4.4,Split,1.5,1,1,1,1,1,1,0,0,0,0,0,0,0,1,5
42950,Haier,4.1,Split,1.6,1,1,1,0,0,0,0,0,0,0,0,0,0,1,5
28639,Godrej,4.35,Window,1.5,1,1,1,1,1,0,0,0,0,0,0,0,0,0,3
32549,Godrej,4.1,Split,1.8,1,0,1,0,0,0,0,0,0,0,0,0,0,1,3
33990,Voltas,4.15,Split,1.5,1,1,1,0,0,0,0,0,0,0,0,0,0,1,3
38200,Carrier,4.0,Split,1.5,1,1,1,0,0,0,0,0,0,0,0,0,0,1,3
36799,Godrej,4.55,Split,1.5,1,1,1,1,1,0,0,0,0,0,1,0,0,1,5
27990,Voltas,4.35,Split,1.0,1,1,1,0,0,0,0,0,0,0,0,0,0,1,3
42850,Haier,4.45,Split,1.6,1,1,1,0,0,0,0,0,0,0,0,0,0,1,5
31766,Carrier,4.35,Window,1.5,1,1,1,0,0,0,0,0,0,0,0,0,0,0,3
45000,Blue Star,4.2,Split,1.5,1,1,1,0,0,0,0,0,0,0,0,0,0,1,5
34150,Lloyd,4.65,Split,1.5,1,1,1,0,0,0,0,0,0,0,0,0,0,1,3
37500,Blue Star,4.15,Split,1.0,1,1,1,0,0,0,0,0,0,0,0,0,0,1,5
39990,Blue Star,4.7,Split,1.0,1,0,1,0,0,0,0,0,0,0,0,0,0,1,3
47990,Haier,4.65,Split,1.5,1,1,1,1,0,0,0,0,0,1,0,0,0,1,4
37858,Blue Star,4.65,Split,1.5,1,1,1,0,1,0,0,0,0,0,0,0,0,1,3
39990,Blue Star,4.25,Window,2.0,1,0,1,1,1,0,0,0,0,0,0,0,0,1,3
38490,Lloyd,4.4,Split,1.5,1,1,1,0,0,0,0,0,0,0,0,0,0,1,5
29890,Whirlpool,4.15,Split,1.5,1,1,1,1,1,0,0,0,0,0,0,0,0,1,3
29448,Lloyd,4.45,Split,1.0,1,1,1,1,0,0,0,0,0,0,0,0,0,1,3
33999,Carrier,4.45,Window,1.5,1,1,1,0,0,0,0,0,0,0,0,0,0,1,3
42766,Blue Star,4.75,Window,1.5,1,1,1,0,1,0,1,0,0,0,0,0,0,1,5
38530,Panasonic,4.5,Split,1.5,1,1,1,0,0,0,0,0,0,0,0,0,0,1,3
49335,Panasonic,4.7,Split,1.5,1,1,0,1,1,0,0,0,0,0,0,0,0,0,3
47870,Panasonic,4.6,Split,1.5,1,1,0,0,0,0,0,0,0,1,0,0,0,1,5
76500,Haier,4.15,Split,1.6,1,1,1,0,0,0,0,0,0,0,0,0,0,1,5
31490,Voltas,4.55,Split,1.5,1,1,1,0,1,0,0,0,0,0,1,0,0,1,3
64500,Blue Star,4.3,Split,1.5,1,1,1,1,0,1,0,0,0,0,0,0,0,1,3
50569,Blue Star,4.2,Split,1.5,1,1,1,0,0,0,0,0,0,0,1,0,0,1,5
31850,IFB,4.2,Split,1.0,1,1,0,1,0,0,0,0,0,0,0,0,0,1,3
38990,Hisense,4.1,Split,1.5,1,1,0,1,1,0,0,0,0,1,0,0,0,1,5
46035,Panasonic,4.25,Split,1.5,1,0,1,0,0,0,0,0,0,1,1,0,0,1,3
36999,Haier,4.75,Split,1.5,1,0,1,0,0,0,0,0,0,1,1,0,0,1,4
42090,Godrej,4.6,Split,2.0,1,1,1,1,1,0,0,0,0,0,0,0,0,1,3
38500,Godrej,4.75,Split,1.5,1,1,1,1,0,0,1,0,0,0,0,0,0,1,5
35990,Lloyd,4.75,Split,1.5,1,1,1,1,0,0,0,0,0,0,1,0,0,1,3
28990,Lloyd,4.6,Split,1.0,1,1,1,0,0,0,0,0,0,0,0,0,0,1,3
38000,Godrej,4.6,Split,1.8,1,1,1,1,0,0,0,0,0,1,0,0,0,1,5
35990,Lloyd,4.1,Split,1.5,1,1,1,0,0,0,0,0,0,0,0,0,0,1,3
48990,Godrej,4.6,Split,2.5,1,1,1,1,0,1,0,0,0,0,0,0,0,1,3
28590,Croma,4.4,Window,1.5,1,1,1,0,0,1,0,0,0,0,0,0,0,0,3
40900,Onida,4.35,Split,1.0,0,1,1,0,0,0,0,0,0,1,0,0,0,1,3
40490,Haier,4.0,Split,1.5,1,1,1,0,0,0,0,0,0,0,1,0,0,1,5
31200,Lloyd,4.5,Split,1.0,0,1,1,0,0,0,0,0,0,0,0,0,0,1,3
35000,Carrier,4.0,Split,1.0,0,1,1,0,0,0,0,0,0,0,1,0,0,1,3
51500,Blue Star,4.35,Split,1.0,0,1,1,1,0,0,0,0,0,0,1,0,0,1,3
37190,Midea,4.65,Split,1.5,1,1,1,0,0,0,0,0,0,1,1,0,0,1,5
32990,Haier,4.3,Split,1.5,1,1,1,0,0,0,0,0,0,1,1,0,0,1,3
38990,Panasonic,4.65,Split,1.0,0,1,1,0,0,0,0,0,0,1,1,0,0,1,5
32490,Panasonic,4.3,Split,1.0,1,1,1,0,0,0,0,0,0,1,1,0,0,1,3
43450,Haier,4.6,Split,1.6,1,1,1,0,0,0,0,1,1,0,0,1,0,1,5
49600,Carrier,4.75,Split,2.0,1,1,0,0,0,0,0,0,0,1,1,0,0,1,3
37150,Blue Star,4.35,Split,1.0,1,1,1,0,1,0,0,0,0,0,1,0,0,1,5
45551,Blue Star,4.05,Split,1.5,1,1,1,0,1,0,0,0,0,0,1,0,0,1,5
46490,LG,4.4,Split,1.5,1,1,1,1,1,1,0,0,0,0,0,0,0,1,5
63955,LG,4.65,Split,2.0,1,0,1,1,1,0,0,0,0,0,1,0,0,1,3
40540,O General,4.6,Window,1.2,0,0,1,1,0,0,0,0,0,0,0,0,0,0,3
45400,Lloyd,4.05,Split,1.5,1,1,1,1,0,0,0,0,0,0,0,0,0,1,5
25999,MarQ,4.4,Split,0.75,1,1,1,0,1,0,0,0,0,0,0,0,0,1,3
34490,Blue Star,4.6,Split,1.5,1,1,1,1,1,1,0,0,0,0,0,0,0,1,3
45990,Blue Star,4.2,Split,2.0,1,1,1,1,0,1,0,0,0,0,0,0,0,0,3
34150,Lloyd,4.2,Split,1.5,1,1,1,1,0,0,1,0,0,0,0,0,0,1,3
78799,LG,4.2,Split,1.5,1,1,1,1,1,1,0,0,0,0,0,0,0,1,4
26490,Croma,4.1,Window,1.0,1,1,1,0,0,0,1,0,0,1,0,0,0,0,3
74721,LG,4.75,Split,1.5,1,1,0,1,1,0,1,0,0,0,0,0,0,1,3
42490,Voltas,4.0,Split,2.0,1,1,1,1,0,0,1,0,0,0,0,0,0,1,3
35800,IFB,4.55,Split,1.5,1,1,1,1,1,0,0,0,0,0,0,0,0,1,3
33990,Candy,4.7,Window,1.5,0,1,1,0,0,0,1,0,0,0,0,0,0,1,5
26738,Lloyd,4.0,Window,1.0,1,1,1,1,0,1,0,0,0,0,0,0,0,0,3
37990,Godrej,4.2,Split,2.0,1,1,1,0,0,0,1,0,0,0,0,0,0,1,3
42850,Hitachi,4.2,Split,1.5,1,0,1,0,0,0,1,0,0,1,0,0,0,1,5
39990,Blue Star,4.45,Split,1.5,1,1,1,1,1,1,0,0,0,0,0,0,0,1,5
28990,Voltas,4.35,Split,1.2,0,1,1,1,0,0,0,0,0,0,0,0,0,1,3
52430,O General,4.35,Split,1.5,0,1,1,0,0,0,1,0,0,0,0,0,0,1,3
63200,O General,4.2,Split,2.0,0,1,1,0,0,0,1,0,0,0,0,0,0,1,3
32990,Hitachi,4.05,Split,1.8,1,0,1,0,0,0,1,0,0,1,0,0,0,0,2
38990,Hitachi,4.2,Split,1.8,1,0,1,0,0,0,1,0,0,1,0,0,0,1,4
43400,Hitachi,4.1,Split,1.5,1,0,1,0,0,0,1,0,0,1,0,0,0,1,5
46500,Blue Star,4.6,Split,1.5,0,1,1,1,0,1,0,0,0,0,0,0,0,1,5
40490,Hisense,4.75,Split,1.5,0,1,1,1,0,0,0,0,0,0,0,0,0,1,5
37590,Haier,4.65,Split,1.6,0,1,1,0,0,0,0,0,0,0,0,0,0,0,3
31490,Lloyd,4.45,Split,1.0,1,1,1,0,0,0,0,0,0,0,0,0,0,1,5
38350,Haier,4.0,Split,1.5,0,1,1,0,0,0,0,0,0,0,0,0,0,1,5
47390,Panasonic,4.2,Split,2.0,1,1,1,1,0,0,0,0,0,0,0,0,0,1,3
48900,Carrier,4.35,Split,2.0,1,1,1,0,0,1,0,0,0,0,0,0,0,1,3
64490,LG,4.55,Split,2.0,1,1,1,1,1,0,1,0,0,0,0,0,0,1,3
47500,LG,4.6,Split,1.5,1,1,1,1,1,0,1,0,0,0,0,0,0,1,5
73022,LG,4.2,Split,1.0,1,1,1,1,1,0,1,0,0,0,0,0,0,1,3
50490,Lloyd,4.2,Split,2.0,1,1,1,1,0,0,1,0,0,0,0,0,0,1,5
66198,Lloyd,4.65,Split,1.5,1,1,1,1,0,0,1,0,0,0,0,0,0,0,3
42500,Whirlpool,4.15,Split,1.5,1,0,1,1,1,0,1,0,0,0,0,0,0,1,5
33044,Hitachi,4.45,Split,1.5,1,0,0,0,0,0,1,0,0,0,0,0,0,0,3
37990,Samsung,4.25,Split,1.5,1,1,1,1,0,1,0,0,0,0,0,0,0,1,5
54990,LG,4.5,Split,2.0,1,1,1,1,0,0,1,0,0,0,0,0,0,1,3
36190,Godrej,4.75,Split,1.5,1,1,1,1,0,0,1,0,0,0,0,0,0,1,3
30490,Realme,4.45,Split,1.5,1,1,1,0,1,1,0,0,0,0,0,0,0,1,4
26000,Voltas,4.0,Window,1.0,0,1,1,0,0,0,1,0,0,0,0,0,0,0,3
32999,Godrej,4.25,Split,1.5,1,1,1,1,0,0,1,0,0,0,0,0,0,1,3
28990,Godrej,4.1,Split,1.0,1,1,1,1,0,0,1,0,0,0,0,0,0,1,3
39999,Godrej,4.1,Split,2.0,1,1,1,1,0,0,1,0,0,0,0,0,0,1,3
34490,Daikin,4.0,Split,1.5,1,1,1,1,0,1,0,0,0,0,0,0,0,1,3
46990,Panasonic,4.35,Split,1.5,1,1,1,1,0,0,0,0,0,0,0,0,0,1,5
48490,Voltas,4.7,Split,2.0,1,0,1,0,0,0,1,0,0,0,0,0,0,1,3
34150,Lloyd,4.3,Split,1.5,1,1,1,0,1,0,0,0,0,0,0,0,0,1,3
43790,Midea,4.0,Split,2.0,1,1,1,0,0,1,0,0,0,0,0,0,0,0,3
28094,Carrier,4.6,Window,1.0,1,1,1,0,0,0,0,0,0,0,0,0,0,0,3
36850,Hitachi,4.4,Split,1.5,1,0,1,0,0,1,0,0,0,0,0,0,0,1,3
38490,Voltas,4.1,Split,1.5,0,0,1,0,0,1,1,0,0,0,0,0,0,1,5
32490,Whirlpool,4.75,Split,1.5,0,1,1,1,0,1,1,0,0,0,0,0,0,1,3
45999,Lloyd,4.6,Split,0.75,1,1,0,1,1,0,0,0,0,0,0,0,0,1,3
43490,Haier,4.05,Split,1.6,0,1,1,0,0,1,1,0,0,0,0,0,0,1,5
29599,Godrej,4.05,Split,1.5,1,1,1,1,0,1,0,0,0,0,0,0,0,1,3
45800,Carrier,4.3,Split,1.5,0,1,1,0,0,1,1,0,0,0,0,0,0,0,5
29384,Daikin,4.3,Split,0.75,1,1,0,1,0,0,1,0,0,0,0,0,0,0,3
52050,Daikin,4.65,Split,1.5,1,0,1,0,0,0,0,0,0,1,0,0,0,1,5
36490,Blue Star,4.25,Split,1.5,1,1,0,0,0,1,1,0,0,0,0,0,0,1,3
56340,Daikin,4.75,Split,1.8,1,1,1,1,0,0,0,0,0,0,0,0,0,0,1
28939,Blue Star,4.7,Split,0.75,1,1,0,1,1,0,0,0,0,0,0,0,0,1,3
43450,Hitachi,4.7,Split,1.5,1,1,1,0,0,0,1,0,0,0,0,0,0,1,5
37650,Hitachi,4.65,Split,1.5,1,0,0,0,0,0,0,0,0,0,0,0,0,1,3
28410,Hitachi,4.7,Window,1.0,1,0,0,0,0,0,0,0,0,0,0,0,0,0,3
50000,Toshiba,4.25,Split,1.5,1,1,1,0,0,0,1,0,0,0,0,0,0,1,5
69582,Daikin,4.15,Split,2.0,0,1,1,1,0,0,0,0,0,0,0,0,0,1,3
32999,Whirlpool,4.0,Split,1.5,1,1,1,1,0,0,0,0,0,0,1,0,0,1,3
32210,Whirlpool,4.05,Split,1.5,0,0,1,0,0,0,0,0,0,0,0,0,0,1,3
29500,Whirlpool,4.4,Split,1.0,0,0,1,0,0,0,0,0,0,0,0,0,0,1,3
37490,Samsung,4.55,Split,1.5,1,0,1,1,0,0,0,0,0,1,0,0,0,1,3
48378,Hitachi,3.9,Split,1.5,1,0,0,0,0,0,0,0,0,0,0,0,0,1,5
37218,Daikin,4.3,Split,1.5,1,0,0,0,0,0,0,0,0,0,0,0,0,0,3
39546,Daikin,4.55,Split,1.5,0,0,0,0,0,0,0,0,0,0,0,0,0,1,3
30590,Whirlpool,4.1,Split,1.5,0,0,0,0,0,0,1,0,0,0,0,0,0,1,3
32790,LG,3.15,Split,1.0,0,0,1,1,0,0,0,0,0,0,0,0,0,1,3
34590,Lloyd,4.05,Split,1.5,1,0,1,0,0,0,0,0,0,1,0,0,0,1,3
40990,Voltas,4.3,Window,2.0,1,1,1,1,0,1,0,0,0,0,0,0,0,1,3
28999,Carrier,4.15,Window,1.0,1,1,1,0,0,0,0,0,0,0,0,0,0,0,2
34990,Carrier,4.25,Window,1.5,1,1,0,0,1,1,0,0,0,0,0,0,0,1,3
37200,Carrier,4.55,Split,1.5,1,1,1,1,0,0,0,0,0,0,0,0,0,1,3
35800,IFB,4.4,Split,1.5,1,0,1,1,1,0,0,0,0,0,0,0,0,1,3
29990,Godrej,4.2,Window,1.0,0,1,1,1,0,0,0,0,0,0,0,0,0,0,3
66000,Haier,4.4,Split,1.0,1,1,1,0,0,1,0,1,1,0,0,1,0,1,4
37500,Blue Star,4.7,Split,1.5,1,1,1,0,1,0,1,0,0,0,0,0,0,1,3
45490,Blue Star,4.45,Split,1.5,1,1,1,1,1,0,0,0,0,0,1,0,1,1,5
32990,Blue Star,4.15,Split,1.0,1,1,1,1,0,1,0,0,0,0,0,0,0,1,3
35900,Daikin,4.7,Split,1.0,1,0,1,1,0,0,0,0,0,1,0,0,1,0,2
33979,Whirlpool,4.75,Split,1.5,1,0,1,0,0,0,0,0,0,1,0,0,0,1,3
34990,Whirlpool,4.0,Split,1.5,1,0,1,0,0,0,0,0,0,1,0,0,0,1,3
40590,Panasonic,4.75,Split,1.0,1,0,1,0,0,0,0,1,1,0,1,1,0,1,3
35590,TCL,4.45,Split,1.0,1,1,1,1,0,0,1,0,0,0,0,0,1,1,5
27990,Blue Star,4.75,Window,0.75,1,1,0,1,1,0,1,0,0,0,0,0,0,0,2
32490,Blue Star,4.35,Split,1.0,1,1,1,1,0,0,0,0,0,0,1,0,1,1,3
31990,Hitachi,4.05,Split,1.0,1,0,1,0,0,0,0,0,0,0,0,0,0,1,3
30990,Hitachi,4.1,Split,1.0,1,0,1,0,0,0,0,0,0,0,0,0,0,1,3
36490,IFB,4.6,Split,1.5,1,0,1,0,0,0,0,1,1,0,0,0,0,1,3
34499,IFB,4.55,Split,1.5,1,0,1,1,1,0,0,0,0,0,0,0,0,1,3
42990,Sharp,4.75,Split,2.0,0,1,1,1,1,0,0,0,0,0,0,0,0,1,3
26990,Cruise,4.25,Split,1.0,1,1,0,1,0,0,0,0,0,0,0,0,1,1,3
38890,Cruise,4.45,Split,2.0,1,1,0,1,0,0,0,0,0,0,0,0,1,1,3
29990,Cruise,4.65,Split,1.5,1,1,0,1,0,0,0,0,0,0,0,0,1,1,3
36989,Cruise,4.65,Split,1.5,1,1,1,1,0,0,0,0,0,0,0,0,1,1,5
31990,Hitachi,4.25,Window,1.5,1,0,1,0,0,0,1,0,0,0,0,0,0,0,3
38790,Hitachi,4.6,Window,1.5,1,0,1,0,0,0,1,0,0,0,0,0,0,1,5
36250,Hitachi,4.35,Split,1.5,1,0,1,0,0,0,0,1,1,0,0,1,0,1,3
51750,Hitachi,4.15,Split,1.5,1,0,1,1,0,1,0,0,0,0,0,0,0,1,5
31990,Daikin,4.05,Split,1.0,1,0,1,1,0,0,0,0,0,0,0,0,1,1,3
33080,Panasonic,4.35,Split,1.0,1,0,1,0,0,0,0,0,0,0,0,0,0,0,3
39990,Panasonic,4.7,Split,1.5,1,0,0,0,0,0,0,0,0,0,0,0,0,0,2
42090,Panasonic,4.0,Split,1.5,1,0,0,1,0,0,0,0,0,0,1,0,0,1,3
58700,Panasonic,4.45,Split,2.0,1,0,1,0,0,0,0,1,1,0,1,1,0,1,3
43990,Voltas,4.15,Split,1.5,1,1,1,0,1,0,0,0,0,1,0,0,0,1,3
32290,Godrej,4.55,Split,1.5,1,1,1,0,0,0,0,0,0,1,0,0,0,1,3
34500,Godrej,4.45,Split,1.5,1,1,1,0,0,0,0,0,0,1,0,0,0,1,3
28490,Whirlpool,4.65,Split,1.0,1,0,1,1,0,0,0,0,0,0,1,0,0,1,3
39490,Whirlpool,4.45,Split,2.0,1,0,1,1,0,0,0,0,0,0,1,0,0,1,3
29450,Whirlpool,4.05,Split,1.0,1,0,1,0,0,0,0,0,0,1,0,0,0,1,3
53990,Voltas,4.5,Split,2.0,1,1,0,1,0,0,0,0,0,0,1,0,0,1,3
29490,Voltas,4.4,Window,1.5,1,1,1,0,1,0,0,0,0,0,0,0,0,0,2
34490,Voltas,4.35,Split,1.0,1,1,1,0,0,0,0,1,1,0,0,0,0,1,3
41989,IFB,4.45,Split,1.5,1,0,0,0,0,0,0,1,1,0,0,0,0,1,5
45890,Haier,4.5,Split,1.6,1,1,1,1,0,0,1,0,0,0,0,0,0,1,3
34489,Panasonic,4.5,Split,1.0,1,0,0,1,0,0,0,0,0,0,1,0,0,1,3
61989,Panasonic,4.5,Split,2.0,1,0,1,0,0,0,0,1,1,0,1,1,0,1,4
38990,Samsung,4.25,Split,1.5,1,1,1,0,0,0,0,1,1,0,0,1,0,1,3
31990,Motorola,4.35,Split,1.5,1,1,1,0,0,0,0,1,1,0,1,0,0,1,3
33990,Croma,4.55,Split,1.0,1,1,1,1,0,0,0,0,0,0,1,0,1,1,5
30490,Croma,4.1,Split,1.0,1,1,1,1,0,0,0,0,0,0,1,0,0,1,3
29990,Realme,4.6,Split,1.6,1,0,1,0,0,1,0,1,1,0,0,0,0,1,3
43490,Midea,4.15,Split,2.0,1,1,1,0,0,1,0,1,1,0,0,1,1,1,3
35990,Blue Star,4.65,Split,1.0,1,1,1,1,0,0,0,0,0,0,1,0,0,1,3
45990,Panasonic,4.25,Split,1.5,1,0,1,0,0,0,0,1,1,0,1,1,0,1,3
35800,IFB,4.75,Split,1.5,1,0,1,1,1,1,0,0,0,0,0,0,0,1,3
50989,Samsung,4.6,Split,2.0,1,1,1,0,0,0,0,1,1,0,0,1,0,1,3
36590,Panasonic,4.75,Split,1.0,1,0,1,1,0,0,0,0,0,0,1,0,0,1,3
32990,Croma,4.45,Split,1.0,1,1,1,1,0,0,0,0,0,0,0,0,1,1,5
32490,Croma,4.05,Split,1.5,1,1,1,1,0,0,1,0,0,0,0,0,1,1,3
41989,Carrier,4.1,Split,1.0,1,0,0,1,1,0,0,1,1,0,0,1,1,1,5
32490,Samsung,4.55,Split,1.0,1,1,1,0,0,0,0,1,1,0,0,1,0,1,3
32490,Croma,4.6,Split,1.5,1,1,1,1,0,0,0,0,0,0,0,0,1,1,3
29490,Croma,4.3,Split,1.0,1,1,1,1,0,0,0,0,0,0,0,0,1,1,3
29489,Midea,4.45,Split,1.0,1,1,1,1,1,1,0,0,0,0,0,0,1,1,3
40490,Midea,4.0,Split,1.5,1,1,1,1,1,1,0,0,0,0,0,0,1,1,5
29990,Midea,4.35,Split,1.0,1,1,1,0,0,1,0,1,1,0,0,1,1,1,3
33490,Carrier,4.65,Split,1.0,1,0,1,1,1,0,0,1,1,0,0,1,1,1,3
36500,Whirlpool,4.2,Split,1.5,1,0,1,1,0,0,0,0,0,0,1,0,0,1,3
32990,Carrier,4.35,Split,1.0,1,1,1,0,0,0,0,1,1,0,0,0,1,1,3
43790,Panasonic,4.65,Split,1.5,1,0,1,0,0,0,0,1,1,0,1,1,0,1,5
37040,Daikin,4.35,Split,1.0,1,0,1,0,0,0,0,0,0,0,0,0,0,1,3
30490,Godrej,4.2,Split,1.5,1,0,1,0,0,0,0,0,0,1,0,0,0,1,3
38500,Panasonic,4.5,Split,1.0,1,0,1,0,0,0,0,0,0,1,1,0,0,1,5
28990,Lloyd,4.45,Split,1.0,1,1,1,0,0,0,0,0,0,0,0,0,1,1,3
37727,LG,4.6,Split,1.5,1,1,1,0,0,0,0,1,1,0,0,0,0,1,3
35990,Godrej,4.2,Split,1.5,1,0,1,1,1,0,0,0,0,1,0,0,0,1,5
38999,IFB,4.45,Split,1.5,1,0,1,1,1,1,0,0,0,0,0,0,0,1,3
38690,Blue Star,4.7,Split,1.5,1,0,1,1,0,0,0,0,0,0,0,0,1,1,3
69900,Blue Star,4.3,Split,1.5,1,0,1,1,0,1,0,0,0,0,0,0,1,1,3
30700,Sharp,4.6,Split,1.5,0,1,0,1,1,0,0,0,0,0,0,0,0,1,3
34500,Godrej,4.6,Split,1.5,1,1,1,1,1,1,0,0,0,0,0,0,0,1,3
37150,Voltas,4.15,Split,1.5,1,1,1,1,0,0,0,0,0,0,0,0,0,1,5
42990,Lloyd,4.25,Split,1.5,1,1,1,0,0,0,0,1,1,0,0,0,0,1,5
37499,Voltas,4.6,Split,1.5,1,1,1,0,0,0,0,0,0,0,0,0,0,1,3
41390,Blue Star,4.7,Split,1.5,1,1,1,0,0,1,0,1,1,0,0,1,1,1,3
37850,Haier,4.1,Split,1.5,1,1,1,1,0,0,0,0,0,0,0,0,0,1,4
32900,Whirlpool,4.55,Split,1.5,1,0,1,0,0,0,0,0,0,1,0,0,0,1,3
45590,Haier,4.25,Split,1.6,1,1,1,0,0,0,0,1,1,0,0,1,0,1,5
33990,Lloyd,4.75,Split,1.5,1,1,1,1,0,1,0,0,0,0,0,0,0,1,3
40950,Godrej,4.6,Split,2.0,1,0,1,1,1,0,0,0,0,1,0,0,0,1,3
39900,Godrej,4.4,Split,1.5,1,0,1,1,1,0,0,0,0,1,0,0,0,1,5
32990,Carrier,4.7,Split,1.0,1,0,0,1,1,0,0,0,0,0,0,0,1,1,3
28490,BPL,4.05,Split,1.0,1,0,1,0,0,0,0,1,1,0,0,0,0,1,3
46500,Blue Star,4.35,Split,1.5,1,1,1,0,0,0,0,1,1,0,1,0,1,1,5
32500,Godrej,4.45,Split,1.5,1,1,1,0,0,0,0,0,0,1,0,0,0,1,3
36590,Haier,4.35,Split,1.5,1,1,1,0,0,0,0,0,0,1,0,0,0,0,3
36990,Blue Star,4.4,Split,1.0,1,1,1,0,0,0,0,1,1,0,0,1,0,1,5
30790,Whirlpool,4.6,Window,1.5,1,1,1,0,0,1,0,0,0,0,0,0,0,1,3
31990,Cruise,4.3,Split,1.0,0,1,1,0,0,0,1,0,0,0,0,0,1,1,5
49100,Panasonic,4.5,Split,1.0,1,0,1,0,0,0,0,0,0,1,0,0,0,1,3
31999,Sharp,4.1,Split,1.5,0,1,0,1,1,0,0,0,0,0,0,0,0,1,3
37500,Hitachi,4.3,Split,1.5,1,1,1,0,1,0,0,0,0,0,0,0,0,1,3
39590,Hitachi,4.05,Window,1.5,1,0,1,0,0,0,0,0,0,0,0,0,0,1,5
38990,Blue Star,4.2,Split,1.0,1,1,1,0,1,0,1,0,0,0,0,0,1,1,5
56000,Blue Star,4.6,Split,1.0,1,1,1,0,0,1,0,0,0,0,0,0,0,1,3
29499,Lloyd,4.05,Split,1.0,1,1,0,0,0,0,0,1,1,0,0,0,0,1,3
44990,BPL,4.5,Split,1.5,1,1,1,1,1,0,0,0,0,0,0,0,1,1,3
46899,Lloyd,4.25,Split,1.5,1,1,1,0,0,1,0,1,1,0,0,1,0,1,5
49390,Lloyd,4.6,Split,1.5,1,1,1,0,0,1,0,1,1,0,0,1,0,1,5
48590,IFB,4.4,Split,2.0,1,1,0,0,0,1,0,1,1,0,0,1,0,1,3
43990,Hitachi,4.1,Split,2.0,1,0,1,0,1,0,1,0,0,0,0,0,0,1,3
35800,IFB,4.1,Split,1.5,1,1,1,1,0,1,0,0,0,0,0,0,0,1,3
49890,Haier,4.6,Split,2.0,1,1,1,0,0,0,0,0,0,1,0,0,0,1,3
42850,Haier,4.7,Split,1.6,1,1,1,0,0,0,0,1,1,0,0,1,0,1,5
43199,Panasonic,4.1,Split,1.5,1,0,1,1,1,0,0,0,0,0,1,0,0,1,5
37490,Whirlpool,4.3,Split,1.5,1,0,1,0,0,0,0,0,0,1,0,0,0,1,5
38990,Carrier,4.3,Window,1.5,0,1,1,0,0,0,0,0,0,0,0,0,0,1,5
39794,IFB,4.0,Split,1.5,1,1,1,1,0,1,0,0,0,0,0,0,0,1,5
29997,IFB,4.7,Split,1.0,1,1,1,1,0,0,0,0,0,0,0,0,0,1,3
36090,Carrier,4.0,Split,1.5,1,1,1,0,0,0,0,0,0,1,1,0,0,1,4
35400,Whirlpool,4.3,Split,1.5,1,1,1,1,0,0,0,0,0,0,0,0,0,1,3
37999,Whirlpool,4.6,Split,1.5,1,1,1,0,0,0,0,0,0,1,0,0,0,1,5
29080,IFB,4.7,Split,1.0,1,1,1,1,0,1,0,0,0,0,0,0,0,1,3
35713,Blue Star,4.0,Split,1.5,1,1,1,0,0,0,1,0,0,0,1,0,0,1,3
33490,Carrier,4.75,Window,1.5,1,1,1,0,0,1,0,0,0,0,0,0,0,0,3
35850,IFB,4.05,Split,1.5,1,1,1,1,1,1,0,0,0,0,0,0,0,1,3
39999,Whirlpool,4.55,Split,2.0,1,1,1,1,0,0,0,0,0,0,0,0,0,1,3
45001,IFB,4.3,Split,2.0,1,1,1,1,1,1,0,0,0,0,0,0,0,1,3
34990,Godrej,4.65,Split,1.5,1,0,1,1,1,0,0,0,0,0,0,0,0,1,5
29490,Godrej,4.4,Split,1.0,1,0,1,0,0,0,0,0,0,1,0,0,0,1,3
30290,Godrej,4.0,Split,1.0,1,0,1,1,1,0,0,0,0,0,0,0,0,1,3
38500,Blue Star,4.5,Split,1.0,1,1,1,1,0,0,0,0,0,0,1,0,0,1,5
28500,Lloyd,4.5,Window,1.0,0,1,1,1,0,1,0,0,0,0,0,0,0,0,2
40990,Blue Star,4.1,Split,1.5,1,1,1,0,0,0,0,1,1,0,1,1,0,1,5
34990,Midea,4.0,Split,1.0,1,1,1,0,0,0,0,0,0,1,1,0,0,1,3
30390,Carrier,4.05,Split,1.0,1,1,1,0,0,0,1,0,0,0,1,0,0,1,3
81240,Carrier,4.3,Split,2.0,1,1,1,0,0,0,0,1,1,0,0,0,0,1,5
33650,Haier,4.6,Split,1.5,1,1,1,0,0,0,0,0,0,0,0,0,0,1,3
38490,Hitachi,4.0,Split,1.0,1,1,1,0,1,1,0,0,0,0,0,0,0,1,5
35540,Panasonic,4.0,Split,1.0,1,0,0,0,0,0,1,0,0,0,0,0,0,0,3
60724,Hitachi,4.35,Split,2.0,1,0,1,0,1,0,1,0,0,0,0,0,0,1,3
37500,Panasonic,4.55,Split,1.5,1,1,0,0,0,0,1,0,0,0,0,0,0,1,3
44990,Samsung,4.4,Split,2.0,1,1,1,0,0,0,0,0,0,1,1,0,0,1,3
54490,Hitachi,4.4,Split,2.0,1,0,1,0,0,0,0,0,0,1,0,0,0,1,3
48990,Samsung,4.25,Split,2.0,1,1,1,0,0,0,0,0,0,1,1,0,0,1,3
60000,Blue Star,4.4,Split,1.5,1,1,1,0,0,0,1,0,0,0,0,0,0,1,3
37600,Blue Star,4.45,Split,1.0,1,1,1,0,0,0,0,0,0,0,0,0,0,1,5
31753,Blue Star,4.15,Split,1.0,1,1,1,0,0,0,0,0,0,1,0,0,0,1,3
35990,Panasonic,4.25,Split,1.0,1,0,1,0,0,0,0,1,1,0,1,1,0,1,3
44179,Carrier,4.3,Window,1.5,0,1,1,0,0,0,0,0,0,0,0,0,0,1,3
32990,Haier,4.5,Split,1.0,1,1,1,0,0,0,0,1,1,0,0,1,0,1,3
39990,LG,4.7,Split,1.0,0,0,1,0,0,0,0,0,0,0,0,0,0,1,5
63490,Samsung,4.7,Split,1.5,1,1,1,0,0,1,0,1,1,0,0,1,0,1,3
55990,LG,4.55,Split,2.0,1,1,1,1,0,0,1,0,0,0,0,0,0,1,3
29990,Godrej,4.55,Split,1.0,1,1,1,0,0,0,0,0,0,1,0,0,0,1,3
35900,Godrej,4.35,Split,1.0,1,0,1,0,0,0,0,0,0,0,0,0,0,1,5
29990,Blue Star,4.2,Split,1.0,0,1,1,0,0,0,0,0,0,0,0,0,0,1,3
35990,Onida,4.65,Split,2.0,0,1,1,0,0,0,0,0,0,1,0,0,0,1,3
36499,Voltas,4.35,Split,1.0,0,1,1,1,0,1,0,0,0,0,0,0,0,1,3
64990,BPL,4.35,Split,2.0,1,0,1,0,0,0,0,1,1,0,0,0,0,1,3
58000,Blue Star,4.75,Split,1.0,1,1,1,0,0,0,0,0,0,0,1,0,0,1,5
39184,Haier,4.25,Split,1.5,1,0,1,0,0,0,0,0,0,0,0,0,0,0,3
32900,Blue Star,4.1,Split,1.0,1,1,1,0,0,0,0,0,0,0,1,0,0,1,3
34500,Lloyd,4.0,Window,1.5,1,0,1,1,0,0,0,0,0,0,0,0,0,0,5
49999,Realme,4.65,Split,1.0,1,1,1,0,1,1,0,0,0,0,0,0,0,1,3
32024,Daikin,4.6,Split,1.0,1,0,1,0,0,0,0,0,0,0,0,0,0,1,3
29990,Voltas,4.4,Split,1.0,1,0,1,0,0,0,0,0,0,0,0,0,0,1,3
33758,Daikin,4.05,Split,1.0,1,0,1,0,0,0,0,0,0,0,0,0,0,0,3
52100,Panasonic,4.25,Split,1.5,1,1,1,0,0,0,0,0,0,0,0,0,0,1,3
51471,Haier,4.5,Split,1.5,1,1,1,1,0,1,0,0,0,0,0,0,0,1,3
47989,Cruise,4.75,Split,2.0,1,1,1,1,1,0,0,0,0,0,0,0,0,1,5
38250,Blue Star,4.4,Split,1.0,1,1,1,0,1,0,0,0,0,0,1,0,0,1,5
37750,Voltas,4.45,Split,1.0,0,1,1,0,0,0,0,0,0,0,0,0,0,1,5
39590,Panasonic,4.4,Split,1.5,1,1,1,0,0,0,0,0,0,1,1,0,0,1,3
38600,Blue Star,4.65,Split,1.0,1,1,1,0,0,0,0,0,0,1,0,0,0,1,5
37500,Blue Star,4.0,Split,1.5,1,1,1,0,0,0,0,0,0,0,0,0,0,1,3
60000,Blue Star,4.25,Split,1.5,0,1,1,0,0,0,0,0,0,0,0,0,0,1,5
39439,Blue Star,4.3,Split,1.0,1,1,1,0,0,0,0,0,0,0,1,0,0,1,3
26990,Godrej,4.6,Window,1.0,0,1,1,1,0,0,0,0,0,0,0,0,0,0,3
29490,Godrej,4.1,Split,1.5,1,1,1,1,1,0,0,0,0,0,0,0,0,1,3
32500,Haier,4.5,Split,1.0,1,1,1,0,0,0,0,0,0,0,0,0,0,1,3
36850,Hitachi,4.05,Split,1.5,1,1,1,0,0,0,0,0,0,0,0,0,0,1,3
33990,Lloyd,4.15,Split,1.0,1,1,1,0,0,0,0,1,1,0,0,1,0,1,3
29450,Whirlpool,4.75,Split,1.0,1,1,1,1,1,0,0,0,0,0,1,0,0,1,3
50545,Hitachi,4.4,Split,2.0,1,1,1,0,0,0,0,0,0,0,0,0,0,1,3
50990,Haier,4.6,Split,1.5,1,1,1,0,0,0,0,0,0,1,0,0,0,1,5
43500,Hitachi,4.35,Split,1.5,1,1,1,0,0,0,0,0,0,0,0,0,0,1,5
28272,Blue Star,4.75,Split,1.0,1,1,1,0,0,0,0,0,0,0,0,0,0,1,3
33985,Hitachi,4.35,Split,1.5,1,1,1,0,0,0,0,0,0,0,0,0,0,1,3
38994,Croma,4.05,Split,1.5,0,1,1,1,1,0,0,0,0,0,1,0,0,1,3
41000,Panasonic,4.45,Split,1.0,1,1,1,0,0,0,0,0,0,0,1,0,0,1,5
38950,Carrier,4.45,Window,2.0,0,1,1,0,0,0,0,0,0,0,0,0,0,0,3
35990,Haier,4.05,Window,1.5,0,1,1,0,0,0,0,0,0,1,0,0,0,1,5
50890,Panasonic,4.05,Split,1.5,1,1,1,0,0,0,0,0,0,1,1,0,0,1,5
37490,Lloyd,4.25,Split,1.5,1,1,1,0,0,0,0,1,1,0,0,1,0,1,3
38990,Voltas,4.2,Split,1.5,1,1,1,0,0,0,0,0,0,0,0,0,0,1,5
30490,Panasonic,4.0,Split,1.0,1,1,1,0,0,0,0,0,0,1,0,0,0,1,5
45000,Carrier,4.1,Split,1.5,1,0,1,0,0,0,1,0,0,0,1,0,0,1,5
38890,Carrier,4.75,Split,1.5,0,1,1,1,0,0,0,0,0,0,1,0,0,1,5
38900,Blue Star,4.3,Split,1.5,1,1,1,1,0,0,0,0,0,0,1,0,0,0,3
38200,Carrier,4.6,Split,1.5,1,0,1,0,0,0,0,0,0,1,0,0,0,1,3
44650,Blue Star,4.25,Split,1.5,1,1,1,0,0,0,0,0,0,0,1,0,0,1,5
45264,Haier,4.0,Split,2.0,1,1,1,0,0,0,0,0,0,0,0,0,0,1,3
49500,Carrier,4.7,Split,2.0,1,0,1,0,0,0,0,0,0,1,0,0,0,1,3
37500,Blue Star,4.4,Split,1.5,1,1,1,0,0,0,1,0,0,0,1,0,0,1,3
42500,Haier,4.35,Split,1.6,1,1,1,0,0,0,0,0,0,0,1,0,0,1,5
38000,Blue Star,4.75,Split,1.0,1,1,1,0,0,0,0,0,0,0,0,0,0,1,3
46500,Blue Star,4.5,Split,1.5,1,1,1,0,0,0,0,0,0,0,0,0,0,1,5
50999,Blue Star,4.75,Split,2.0,1,1,1,0,0,0,1,0,0,0,0,0,0,1,3
28048,Voltas,4.45,Split,1.0,0,1,1,1,0,0,0,0,0,0,0,0,0,1,3
35399,Godrej,4.3,Split,1.5,1,1,1,0,0,0,0,0,0,0,0,0,0,1,5
45991,TCL,4.2,Split,1.5,0,1,1,0,0,1,0,0,0,0,0,0,0,1,3
33290,Lloyd,4.25,Split,1.5,1,1,1,0,0,0,0,0,0,0,0,0,0,1,3
27500,Blue Star,4.05,Window,1.0,0,1,1,0,0,0,0,0,0,0,0,0,0,0,3
35990,Haier,4.2,Split,1.5,1,0,1,0,0,0,0,0,0,0,0,0,0,1,3
38472,Haier,4.2,Split,1.0,1,1,1,0,0,0,0,0,0,0,1,0,0,1,5
47590,Panasonic,4.45,Split,1.5,1,1,1,0,0,0,0,0,0,0,1,0,0,0,3
48500,IFB,4.7,Split,2.0,1,1,1,0,0,0,0,0,0,0,1,0,0,1,3
35800,IFB,4.1,Split,1.5,1,1,1,0,0,0,0,0,0,0,1,0,0,1,3
39000,Panasonic,4.15,Split,1.0,1,1,1,0,0,0,0,0,0,0,1,0,0,1,5
70400,Panasonic,4.35,Split,2.0,1,1,1,0,0,0,0,0,0,0,1,0,0,1,3
48500,IFB,4.55,Split,2.0,1,1,1,0,0,0,0,0,0,0,1,0,0,1,3
67990,LG,4.15,Split,0.75,1,0,1,1,1,0,0,0,0,0,1,0,0,1,3
36450,Hitachi,4.75,Split,1.5,0,0,1,0,0,0,0,0,0,1,0,0,0,1,3
43603,Blue Star,4.55,Split,1.5,1,1,1,1,0,0,0,0,0,0,0,0,1,1,3
42850,Haier,4.4,Split,1.6,1,0,1,0,0,0,0,0,0,1,1,0,0,1,5
45600,Carrier,4.4,Split,1.5,0,0,1,0,0,0,0,0,0,1,1,0,0,1,5
37500,Panasonic,4.6,Split,1.5,0,0,1,0,0,0,0,0,0,1,1,0,0,1,3
35900,Godrej,4.6,Split,1.0,0,0,1,1,0,0,0,0,0,0,1,0,0,1,5
28051,Haier,4.55,Split,1.0,1,0,1,0,0,0,0,0,0,1,1,0,0,1,3
82290,O General,4.0,Split,2.0,0,1,1,0,0,0,0,0,0,0,1,0,0,1,4
40500,LG,4.75,Split,1.5,1,1,1,1,1,0,0,0,0,0,1,0,0,1,3
68200,Blue Star,4.1,Split,1.5,1,1,1,0,1,0,0,0,0,0,1,0,0,1,5
37500,Blue Star,4.6,Split,1.5,0,1,1,1,0,0,0,0,0,0,1,0,0,1,3
37026,LG,4.75,Split,1.0,1,0,1,1,1,1,0,0,0,0,0,0,0,1,3
38650,Godrej,4.6,Split,1.5,1,1,1,1,0,0,1,0,0,0,0,0,0,1,5
44490,Voltas,4.35,Split,1.5,1,1,1,1,0,1,0,0,0,0,0,0,0,0,5
29599,Godrej,4.7,Split,1.5,1,1,1,1,0,0,1,0,0,0,0,0,0,1,3
47656,Lloyd,4.65,Window,1.5,1,1,1,1,0,0,0,0,0,0,0,0,0,1,3
32549,Godrej,4.4,Split,1.8,1,0,1,1,0,0,1,0,0,0,0,0,0,1,3
38899,iMee,4.45,Split,1.5,0,1,1,1,0,0,0,0,0,0,0,0,0,1,5
60465,Carrier,4.55,Split,1.5,1,1,1,0,0,0,0,0,0,0,0,0,0,0,3
36490,Lloyd,4.0,Split,1.5,1,1,1,1,0,1,0,0,0,0,0,0,0,1,3
31279,Godrej,4.25,Split,1.5,1,1,1,0,0,1,1,0,0,0,0,0,0,1,3
45600,Panasonic,4.25,Split,1.5,1,1,1,0,0,0,1,0,0,0,0,0,0,1,5
39895,Voltas,4.4,Window,1.5,0,1,1,1,0,0,0,0,0,0,0,0,0,1,5
30494,Croma,4.05,Window,1.0,1,1,1,0,0,0,1,0,0,1,0,0,0,0,5
45690,Samsung,4.0,Split,1.5,1,0,1,1,0,0,0,0,0,0,0,0,0,1,5
41559,Lloyd,4.55,Window,1.5,1,1,1,1,0,0,0,0,0,0,0,0,0,1,5
34190,Voltas,4.15,Split,1.2,0,1,1,1,0,0,0,0,0,0,0,0,0,1,5
37950,Blue Star,4.0,Split,1.0,0,1,1,0,0,1,1,0,0,0,0,0,0,1,5
45800,IFB,4.25,Split,1.5,0,1,1,1,1,1,0,0,0,0,0,0,0,1,5
45800,IFB,4.55,Split,1.5,1,1,1,1,1,0,0,0,0,0,0,0,0,1,5
30490,Haier,4.6,Split,1.0,0,1,1,0,0,0,1,0,0,0,0,0,0,0,2
34964,Blue Star,4.45,Split,1.5,1,1,1,1,0,1,0,0,0,0,0,0,0,1,3
29967,Voltas,4.45,Split,1.0,1,1,1,1,0,0,1,0,0,0,0,0,0,1,3
34695,Onida,4.3,Split,1.5,0,0,0,0,0,0,1,0,0,0,0,0,0,1,3
81670,LG,4.35,Split,1.5,1,1,1,1,1,0,0,0,0,0,0,0,0,1,5
29990,Candy,4.4,Split,1.5,0,1,1,0,0,0,1,0,0,0,0,0,0,1,3
28031,Carrier,4.5,Window,1.0,1,1,0,0,0,1,0,0,0,0,0,0,0,0,3
53813,Godrej,4.55,Split,1.5,1,1,1,1,1,0,0,0,0,0,0,0,0,0,3
36990,Candy,4.3,Split,1.5,0,1,1,0,0,1,1,0,0,0,0,0,0,1,5
70138,LG,4.0,Split,1.0,1,1,1,1,1,0,0,0,0,0,0,0,0,1,5
48500,IFB,4.15,Split,2.0,0,1,1,1,1,1,0,0,0,0,0,0,0,1,3
36998,Thomson,4.35,Split,1.0,1,1,0,1,0,1,0,0,0,0,0,0,0,1,2
35800,IFB,4.6,Split,1.5,1,1,1,1,1,1,0,0,0,0,0,0,0,1,3
32990,Lloyd,4.35,Split,1.0,1,1,1,0,0,0,1,0,0,0,0,0,0,1,5
37650,Blue Star,4.15,Split,1.0,1,1,1,1,1,1,0,0,0,0,0,0,0,1,5
31390,Blue Star,4.05,Split,1.2,1,1,1,1,1,1,0,0,0,0,0,0,0,1,3
28563,Blue Star,4.55,Split,1.0,1,1,0,1,1,1,0,0,0,0,0,0,0,1,3
41990,Godrej,4.25,Split,2.0,1,1,1,1,1,0,0,0,0,0,0,0,0,0,3
35110,Hitachi,4.15,Split,1.0,1,0,1,0,0,0,1,0,0,1,0,0,0,1,3
30990,Godrej,4.65,Split,1.5,1,0,1,0,0,0,1,0,0,0,0,0,0,1,3
31626,Godrej,4.45,Split,1.0,0,1,1,1,1,0,1,0,0,0,0,0,0,1,3
37450,Hitachi,4.75,Split,1.5,1,0,1,0,0,0,1,0,0,1,0,0,0,1,3
39390,Hitachi,4.75,Split,1.5,1,0,1,0,0,0,1,0,0,1,0,0,0,1,3
37990,O General,4.45,Split,1.0,0,1,1,0,0,0,1,0,0,0,0,0,0,1,3
37350,Hitachi,4.3,Split,1.5,1,0,1,0,0,0,1,0,0,1,0,0,0,1,3
41850,Hitachi,4.7,Split,1.5,1,0,1,0,0,0,1,0,0,1,0,0,0,1,5
35991,Hitachi,4.2,Split,1.0,1,0,1,0,0,0,1,0,0,1,0,0,0,1,5
33342,Hitachi,4.75,Split,1.0,1,0,1,0,0,0,1,0,0,1,0,0,0,1,3
59866,Hitachi,4.2,Split,1.8,1,0,1,0,0,0,1,0,0,1,0,0,0,1,3
29136,Hitachi,4.0,Split,1.0,1,0,1,0,0,0,1,0,0,1,0,0,0,1,3
57925,Hitachi,4.55,Split,1.8,1,0,1,0,0,0,1,0,0,1,0,0,0,1,3
39990,Hitachi,4.4,Split,1.8,1,0,1,0,0,0,1,0,0,1,0,0,0,1,4
37500,Hitachi,4.35,Split,1.5,1,0,1,0,0,0,1,0,0,1,0,0,0,1,3
61990,Samsung,4.15,Split,1.5,1,0,1,1,0,0,0,0,0,0,0,0,0,1,3
59890,Blue Star,4.05,Split,1.5,0,1,1,1,0,1,0,0,0,0,0,0,0,1,5
38000,Blue Star,4.45,Split,1.0,0,1,1,1,1,1,1,0,0,0,0,0,0,0,3
31688,Blue Star,4.45,Split,1.0,1,1,1,1,1,1,0,0,0,0,0,0,0,1,4
45990,Haier,4.3,Split,2.0,0,1,1,0,0,0,0,0,0,0,0,0,0,1,3
42196,Lloyd,4.05,Window,1.0,1,1,1,1,0,1,0,0,0,0,0,0,0,0,2
27999,Lloyd,4.1,Window,1.0,1,1,1,1,0,1,0,0,0,0,0,0,0,0,2
36990,Voltas,4.35,Split,1.5,0,1,1,1,0,0,1,0,0,0,0,0,0,0,3
39590,Samsung,4.05,Split,1.5,1,1,1,1,0,1,0,0,0,0,0,0,0,1,4
49190,Samsung,4.5,Split,1.5,1,0,1,1,0,0,0,0,0,0,0,0,0,1,5
56190,Samsung,4.45,Split,1.5,1,1,1,1,0,1,0,0,0,0,0,0,0,1,5
45499,Voltas,4.4,Split,1.5,1,1,1,1,0,0,1,0,0,0,0,0,0,1,5
57658,Panasonic,4.7,Split,1.0,1,1,1,1,0,1,0,0,0,0,0,0,0,1,5
42850,Haier,4.3,Split,1.6,1,1,1,1,0,0,0,0,0,0,0,0,0,1,5
48990,Panasonic,4.0,Split,1.5,1,1,1,1,0,1,0,0,0,0,0,0,0,1,3
38890,Panasonic,4.3,Split,1.5,1,1,1,1,0,1,0,0,0,0,0,0,0,1,5
57990,Panasonic,4.75,Split,2.0,1,1,1,1,0,1,0,0,0,0,0,0,0,1,3
58722,Lloyd,4.45,Split,1.5,1,1,1,1,0,0,1,0,0,0,0,0,0,0,2
52997,Lloyd,4.45,Split,0.75,1,1,1,1,0,1,0,0,0,0,0,0,0,1,3
34191,Godrej,4.0,Window,1.5,1,0,1,0,0,0,1,0,0,0,0,0,0,0,3
47287,Lloyd,4.25,Split,1.0,1,1,1,1,0,0,1,0,0,0,0,0,0,0,2
32990,Daikin,4.3,Split,1.0,1,1,1,0,0,0,1,0,0,0,0,0,0,1,3
50818,Voltas,4.55,Split,1.0,1,1,1,1,0,0,1,0,0,0,0,0,0,1,5
30852,Lloyd,4.15,Split,1.0,1,1,1,1,0,0,0,0,0,0,0,0,0,0,3
35900,Voltas,4.35,Split,1.5,1,1,1,1,0,0,1,0,0,0,0,0,0,1,3
73766,Lloyd,4.55,Split,2.0,1,1,1,1,0,0,0,0,0,0,0,0,0,1,3
31190,Lloyd,4.6,Window,1.5,1,0,1,1,0,0,0,0,0,0,0,0,0,0,3
48991,Samsung,4.2,Split,2.0,1,0,1,1,0,0,0,0,0,0,0,0,0,1,3
32200,Hitachi,4.15,Split,1.0,1,0,1,0,0,0,0,0,0,0,0,0,0,0,3
34990,Samsung,4.2,Split,1.5,1,1,1,1,0,1,0,0,0,0,0,0,0,1,3
36990,Blue Star,4.1,Split,1.5,0,1,1,0,0,1,1,0,0,0,0,0,0,0,3
37500,Godrej,4.25,Split,1.0,1,1,1,1,0,0,1,0,0,0,0,0,0,1,5
47500,LG,4.75,Split,1.5,1,1,1,1,0,0,0,0,0,0,0,0,0,1,5
28769,Voltas,4.75,Split,1.0,1,1,1,1,0,0,0,0,0,0,0,0,0,1,3
37551,Voltas,4.1,Split,1.5,1,1,1,1,0,0,1,0,0,0,0,0,0,1,5
29147,Voltas,4.55,Split,1.0,1,1,1,0,0,0,1,0,0,0,0,0,0,1,3
32788,Voltas,4.5,Split,1.5,1,1,1,0,0,0,1,0,0,0,0,0,0,1,3
36780,Voltas,4.6,Split,1.5,1,1,1,1,0,1,0,0,0,0,0,0,0,1,3
35399,Godrej,4.75,Split,1.5,1,1,1,1,0,0,1,0,0,0,0,0,0,1,5
30490,Daikin,4.15,Split,1.0,1,1,1,1,0,1,0,0,0,0,0,0,0,1,3
51690,Blue Star,4.3,Split,2.0,0,1,1,1,0,0,0,0,0,0,1,0,0,1,3
33279,Voltas,4.5,Window,2.0,0,1,1,1,0,1,1,0,0,0,0,0,0,0,2
67790,Carrier,4.5,Split,1.5,1,0,1,1,1,1,0,0,0,0,0,0,0,1,3
38990,Blue Star,4.7,Window,1.5,1,1,1,1,1,1,0,0,0,0,0,0,0,1,5
34990,Voltas,4.6,Window,1.5,1,1,1,1,1,0,1,0,0,0,0,0,0,1,5
36090,Electrolux,4.25,Split,1.5,0,0,1,1,0,0,0,0,0,0,0,0,0,1,3
73990,Electrolux,4.15,Split,1.5,1,0,1,1,0,0,0,0,0,0,0,0,0,1,5
32290,Electrolux,4.4,Split,1.0,1,0,1,1,0,0,0,0,0,0,0,0,0,1,3
32490,Blue Star,4.65,Window,1.5,1,1,1,0,0,0,1,0,0,0,0,0,0,0,3
37850,Blue Star,4.15,Split,1.5,1,1,0,0,1,1,0,0,0,0,0,0,0,1,3
33490,Lloyd,4.55,Split,1.2,1,1,1,1,0,1,0,0,0,0,0,0,0,1,3
34950,Daikin,4.1,Split,1.0,0,0,1,0,0,1,1,0,0,0,0,0,0,1,3
48342,Daikin,4.7,Split,1.8,0,1,1,1,0,0,1,0,0,0,0,0,0,1,3
43490,Daikin,4.0,Split,1.5,0,0,1,1,1,0,0,0,0,1,0,0,0,1,3
78475,Daikin,4.5,Split,2.0,1,1,1,0,1,0,0,0,0,0,0,0,0,1,3
40500,Daikin,4.25,Split,1.5,0,1,1,1,1,0,1,0,0,0,0,0,0,1,3
37597,iMee,4.05,Split,1.5,1,0,1,0,0,1,1,0,0,0,0,0,0,1,5
32970,iMee,4.75,Split,1.5,1,0,0,0,0,1,0,0,0,0,0,0,0,1,3
47090,Blue Star,4.7,Split,1.8,1,1,0,0,1,1,0,0,0,0,0,0,0,1,3
63900,Blue Star,4.65,Split,1.5,0,1,1,0,0,1,1,0,0,0,0,0,0,1,3
38950,Carrier,4.4,Window,2.0,0,1,1,0,0,0,0,0,0,0,0,0,0,0,3
35464,Lloyd,4.05,Window,1.5,1,0,1,1,0,1,0,0,0,0,0,0,0,0,5
71179,Voltas,4.55,Split,1.5,1,1,1,1,1,0,1,0,0,0,0,0,0,1,5
68520,Voltas,4.35,Split,1.5,1,1,1,1,1,1,0,0,0,0,0,0,0,1,4
43402,Hitachi,4.1,Split,1.5,1,0,1,0,0,1,0,0,0,0,0,0,0,1,5
43650,Hitachi,4.35,Split,1.5,0,0,1,0,0,0,0,0,0,0,0,0,0,1,5
35999,Lloyd,4.0,Window,1.5,0,0,1,0,0,1,1,0,0,0,0,0,0,0,3
67200,Daikin,4.25,Split,1.0,1,1,1,0,0,1,1,0,0,0,0,0,0,1,5
41322,Hitachi,4.6,Split,1.0,1,0,1,0,0,0,1,0,0,0,0,0,0,1,5
45987,Lloyd,4.15,Window,1.5,0,0,1,0,0,1,1,0,0,0,0,0,0,0,3
73800,Daikin,4.3,Split,1.5,0,1,1,0,0,1,1,0,0,0,0,0,0,1,5
35990,Lloyd,4.55,Window,1.5,0,1,1,0,0,1,1,0,0,1,0,0,0,0,5
33370,Realme,4.25,Split,1.5,1,1,0,1,1,0,0,0,0,0,0,0,0,1,4
81990,Haier,4.35,Split,2.0,0,1,1,0,0,1,1,0,0,0,0,0,0,1,3
47287,Lloyd,4.35,Split,1.0,0,1,1,0,0,1,1,0,0,0,0,0,0,1,3
71899,Daikin,4.0,Split,1.8,0,0,1,0,0,0,1,0,0,0,0,0,0,1,5
29999,Thomson,4.55,Split,1.0,1,1,1,1,0,1,0,0,0,0,0,0,0,1,3
86990,Daikin,4.65,Split,1.8,0,0,1,0,0,0,1,0,0,0,0,0,0,1,5
36890,Blue Star,4.15,Split,1.0,1,1,1,0,0,1,1,0,0,0,0,0,0,1,3
37500,Blue Star,4.45,Split,1.5,0,1,1,0,0,1,1,0,0,0,0,0,0,1,3
70937,Panasonic,4.45,Split,2.0,1,1,1,1,0,0,0,0,0,0,0,0,0,1,3
58999,Blue Star,4.35,Split,1.5,0,1,1,0,0,1,1,0,0,0,0,0,0,1,3
40788,Daikin,4.2,Split,1.0,1,1,1,1,0,1,0,0,0,0,0,0,0,1,4
69273,Samsung,4.0,Split,2.0,1,1,1,0,0,0,1,0,0,0,0,0,0,1,4
53990,O General,4.3,Split,1.5,1,1,0,0,0,0,0,0,0,0,0,0,0,0,3
37999,Carrier,4.2,Window,1.5,1,0,0,0,0,0,0,0,0,0,0,0,0,0,5
39890,Samsung,4.15,Split,1.5,1,0,0,0,0,0,0,0,0,1,0,0,0,1,3
38017,Carrier,4.45,Window,1.5,0,1,1,0,0,0,0,0,0,0,0,0,0,0,5
51990,Voltas,4.7,Split,1.5,0,1,1,1,0,1,0,0,0,0,0,0,0,1,3
35000,Carrier,4.55,Split,1.0,1,1,1,0,0,0,1,0,0,0,1,0,0,1,3
49889,Daikin,4.05,Split,1.8,1,0,1,1,0,0,0,0,0,0,0,0,0,1,3
34500,Lloyd,4.3,Split,1.5,0,0,0,1,0,0,0,0,0,0,0,0,0,1,3
39819,Carrier,4.1,Window,1.5,1,1,1,0,0,0,0,0,0,0,0,0,0,0,3
51990,Samsung,4.6,Split,1.5,1,0,1,0,0,0,0,0,0,0,0,0,0,1,4
45309,Samsung,4.55,Split,1.5,1,1,0,0,0,0,0,0,0,0,0,0,0,1,5
36540,Blue Star,4.65,Split,1.5,1,1,1,1,1,0,0,0,0,0,0,0,0,1,3
41850,Whirlpool,4.15,Split,1.5,1,0,0,0,0,0,0,0,0,0,0,0,0,1,5
32222,Lloyd,4.15,Split,1.0,1,0,1,0,0,1,0,0,0,0,0,0,0,1,3
38650,Blue Star,4.1,Split,1.0,1,1,1,1,1,0,0,0,0,0,0,0,0,1,5
37650,Hitachi,4.1,Split,1.5,0,0,0,0,0,0,0,0,0,0,0,0,0,1,3
37388,Samsung,4.7,Split,1.5,1,1,1,0,0,0,0,0,0,1,0,0,0,1,3
37650,Hitachi,4.25,Split,1.5,1,0,0,0,0,0,1,0,0,0,0,0,0,0,3
45309,Samsung,4.5,Split,1.5,1,1,1,0,0,0,0,0,0,1,0,0,0,1,5
